Graph ID,Number of Segments,Mean Length,Mean Radius,Total Volume,Total Length,Number of Nodes,Intermediate Nodes,Terminal Nodes,Branching Nodes,Isolated Nodes
Graph0,200,983.6394,303.07516,96589660000,196727.88,155,0,45,110,0
Graph1,89,845.06628,97.104324,5445011500,75210.898,71,0,23,48,0
Graph2,74,609.1745,102.70184,2366508000,45078.914,55,0,12,43,0
Graph3,60,880.33484,172.59926,7518077400,52820.09,46,0,11,35,0
Graph4,56,861.17694,100.75759,1852575600,48225.91,50,0,21,29,0
Graph5,55,754.2041,193.60831,6120660500,41481.227,44,0,13,31,0
Graph6,50,678.88025,102.67739,1695821600,33944.012,40,0,14,26,0
Graph7,49,963.1839,554.21466,72917860000,47196.012,37,0,9,28,0
Graph8,45,915.36285,174.32127,7274116600,41191.328,40,0,17,23,0
Graph9,33,724.31317,299.69864,7847995900,23902.334,24,0,4,20,0
Graph10,32,1240.2892,214.28664,8561230300,39689.254,29,0,12,17,0
Graph11,31,812.08954,130.96971,1832679400,25174.775,27,0,10,17,0
Graph12,26,742.51532,220.51952,3190423000,19305.398,19,0,4,15,0
Graph13,25,656.43982,57.866138,218620660,16410.996,24,0,12,12,0
Graph14,25,772.1333,124.24214,1194759200,19303.332,19,0,6,13,0
Graph15,22,1243.2686,468.10892,26042358000,27351.908,18,0,5,13,0
Graph16,18,782.24286,63.351521,211022370,14080.371,16,0,6,10,0
Graph17,17,1010.7448,328.39749,9865538600,17182.662,14,0,5,9,0
Graph18,16,1407.6902,146.60187,9852223500,22523.043,16,0,8,8,0
Graph19,16,766.76935,197.00662,3307026400,12268.31,12,0,3,9,0
Graph20,15,858.64722,228.63998,3148181000,12879.708,12,0,5,7,0
Graph21,15,936.59906,152.25871,1412333600,14048.986,12,0,3,9,0
Graph22,12,853.69257,73.174187,188452740,10244.311,9,0,2,7,0
Graph23,11,1518.8016,601.90717,16273199000,16706.818,10,0,4,6,0
Graph24,11,910.59198,241.09908,2935267600,10016.512,10,0,4,6,0
Graph25,11,713.7392,82.078911,344577410,7851.1313,10,0,5,5,0
Graph26,10,983.724,264.97235,2712546600,9837.2402,9,0,4,5,0
Graph27,10,1339.7753,616.2865,21978843000,13397.753,10,0,5,5,0
Graph28,10,858.91052,62.702312,130355760,8589.1055,10,0,5,5,0
Graph29,10,744.68152,154.72993,952017410,7446.8154,8,0,2,6,0
Graph30,10,1344.4263,395.27679,10910937000,13444.263,10,0,5,5,0
Graph31,10,1085.6948,502.11172,11318439000,10856.948,8,0,2,6,0
Graph32,9,589.44299,139.67722,768821310,5304.9868,9,0,5,4,0
Graph33,9,866.60321,254.6506,1611150100,7799.4287,7,0,2,5,0
Graph34,9,685.54327,158.97578,663062080,6169.8896,8,0,3,5,0
Graph35,8,557.47119,42.381153,28203968,4459.7695,8,0,4,4,0
Graph36,8,499.42941,66.593887,57169600,3995.4353,8,0,4,4,0
Graph37,8,992.43878,189.43593,3827698200,7939.5103,5,0,1,4,0
Graph38,8,1409.2515,271.82166,2973086700,11274.012,8,0,4,4,0
Graph39,8,682.56519,220.81708,1130549600,5460.5215,8,0,4,4,0
Graph40,7,623.63684,32.072224,14552358,4365.458,8,0,5,3,0
Graph41,7,899.96637,310.93655,2116908300,6299.7646,8,0,5,3,0
Graph42,7,660.57532,92.554123,109617950,4624.0273,8,0,5,3,0
Graph43,6,595.82355,33.285084,19894856,3574.9414,6,0,3,3,0
Graph44,6,797.38934,124.94376,669778500,4784.3359,5,0,2,3,0
Graph45,6,713.75079,91.889534,383523040,4282.5049,5,0,2,3,0
Graph46,5,588.94226,54.952431,29355146,2944.7112,6,0,4,2,0
Graph47,5,1442.4995,246.32207,1725423600,7212.4976,6,0,4,2,0
Graph48,5,1668.0416,347.2757,3776483100,8340.208,6,0,4,2,0
Graph49,5,981.01501,172.27467,373266340,4905.0752,6,0,4,2,0
Graph50,5,1591.2156,669.91248,9053396000,7956.0781,6,0,4,2,0
Graph51,5,1060.8967,100.06412,207271890,5304.4834,4,0,1,3,0
Graph52,5,1060.363,146.66699,1155217900,5301.8154,4,0,1,3,0
Graph53,5,1468.9036,587.69708,9998102500,7344.5176,4,0,1,3,0
Graph54,5,700.05847,214.21301,594985410,3500.2925,6,0,4,2,0
Graph55,4,879.62341,360.55106,2325741600,3518.4937,4,0,2,2,0
Graph56,4,1183.4757,101.75542,420418270,4733.9028,4,0,2,2,0
Graph57,4,702.30304,94.789825,95592752,2809.2122,5,0,4,1,0
Graph58,4,947.30652,136.11754,184877780,3789.2261,4,0,2,2,0
Graph59,4,901.89655,225.22913,531694050,3607.5862,4,0,2,2,0
Graph60,4,672.06488,58.753426,33827012,2688.2595,5,0,4,1,0
Graph61,4,654.22791,44.311649,22787140,2616.9116,4,0,2,2,0
Graph62,4,1628.0813,348.56186,5324185600,6512.3252,4,0,2,2,0
Graph63,4,1585.4745,195.03314,801034750,6341.8979,4,0,2,2,0
Graph64,3,847.461,49.868896,35513160,2542.3831,3,0,2,1,0
Graph65,3,960.18066,114.76174,220030500,2880.542,2,0,0,2,0
Graph66,3,393.29031,37.728207,7551799.5,1179.871,4,0,3,1,0
Graph67,3,358.48679,55.485138,9723568,1075.4603,4,0,3,1,0
Graph68,3,698.06085,39.674244,15898062,2094.1826,4,0,3,1,0
Graph69,3,748.69287,83.362106,63818120,2246.0786,4,0,3,1,0
Graph70,3,1083.8324,233.52356,2214889500,3251.4971,4,0,3,1,0
Graph71,3,646.04346,73.215019,34547072,1938.1304,4,0,3,1,0
Graph72,3,818.92627,83.140663,58415708,2456.7788,4,0,3,1,0
Graph73,3,795.34418,54.593735,26340842,2386.0325,2,0,0,2,0
Graph74,3,1109.9823,311.76212,1141957600,3329.9468,4,0,3,1,0
Graph75,3,653.93732,109.2664,68700320,1961.8119,4,0,3,1,0
Graph76,3,649.7395,36.230206,9437432,1949.2185,4,0,3,1,0
Graph77,3,476.94345,70.728233,27513146,1430.8303,4,0,3,1,0
Graph78,3,477.6962,25.907698,3021903.5,1433.0886,4,0,3,1,0
Graph79,3,1514.293,36.135162,21848652,4542.8789,4,0,3,1,0
Graph80,3,663.69183,43.267071,12705028,1991.0756,4,0,3,1,0
Graph81,2,1175.6807,270.73041,410556510,2351.3613,2,0,1,1,0
Graph82,2,415.39597,63.967621,25744212,830.79193,2,0,1,1,0
Graph83,2,906.51874,55.860161,44390300,1813.0375,2,0,1,1,0
Graph84,2,422.46729,58.651482,11730411,844.93457,2,0,1,1,0
Graph85,2,1090.8253,71.62278,39213668,2181.6506,2,0,1,1,0
Graph86,2,1193.9001,437.21747,1302915800,2387.8003,2,0,1,1,0
Graph87,2,259.71365,60.054741,11995926,519.42731,2,0,1,1,0
Graph88,2,1304.374,241.13551,664366270,2608.748,2,0,1,1,0
Graph89,2,517.83026,55.616753,14152551,1035.6605,2,0,1,1,0
Graph90,2,2139.6587,192.9527,620204100,4279.3174,2,0,1,1,0
Graph91,2,309.60254,29.293697,1835249.5,619.20508,2,0,1,1,0
Graph92,2,556.83411,137.03952,88176056,1113.6682,2,0,1,1,0
Graph93,2,2121.8777,273.48093,1603188100,4243.7554,2,0,1,1,0
Graph94,2,589.80701,39.899918,7082347,1179.614,2,0,1,1,0
Graph95,2,91.665909,25.907698,386585.34,183.33182,1,0,0,1,0
Graph96,2,287.56729,99.097443,47995408,575.13458,2,0,1,1,0
Graph97,2,2645.3765,128.06815,383660420,5290.7529,2,0,1,1,0
Graph98,2,1501.4426,104.82964,128890730,3002.8853,2,0,1,1,0
Graph99,1,508.04059,33.656319,2039324.6,508.04059,2,0,2,0,0
Graph100,1,548.69568,25.907696,1157015.1,548.69568,2,0,2,0,0
Graph101,1,343.24161,82.516655,7512354,343.24161,2,0,2,0,0
Graph102,1,2007.01,322.21286,662236220,2007.01,2,0,2,0,0
Graph103,1,331.02777,38.242805,1276190.8,331.02777,2,0,2,0,0
Graph104,1,1673.9535,174.81459,189394350,1673.9535,2,0,2,0,0
Graph105,1,1034.964,113.75864,42027528,1034.964,2,0,2,0,0
Graph106,1,323.89175,60.214752,3556086.8,323.89175,2,0,2,0,0
Graph107,1,406.22119,25.907698,856584.25,406.22119,2,0,2,0,0
Graph108,1,2879.7239,670.7348,4790253600,2879.7239,2,0,2,0,0
Graph109,1,408.53558,32.075676,1260651.6,408.53558,2,0,2,0,0
Graph110,1,1188.3235,83.177017,28832616,1188.3235,2,0,2,0,0
Graph111,1,399.29059,32.076,1219550.9,399.29059,2,0,2,0,0
Graph112,1,667.29382,35.489437,2741095,667.29382,2,0,2,0,0
Graph113,1,727.0022,66.683922,10903192,727.0022,2,0,2,0,0
Graph114,1,706.07867,61.606388,12181042,706.07867,2,0,2,0,0
Graph115,1,431.12259,65.364014,5690323.5,431.12259,2,0,2,0,0
Graph116,1,400.73242,25.907698,845010.31,400.73242,2,0,2,0,0
Graph117,1,587.15741,36.000473,2740140.5,587.15741,2,0,2,0,0
Graph118,1,938.12085,34.512135,3733030.5,938.12085,2,0,2,0,0
Graph119,1,474.68005,33.76667,1814298.4,474.68005,2,0,2,0,0
Graph120,1,1023.5179,53.979168,10399476,1023.5179,2,0,2,0,0
Graph121,1,1202.9658,98.777817,41494908,1202.9658,2,0,2,0,0
Graph122,1,395.73264,25.907698,834467.5,395.73264,2,0,2,0,0
Graph123,1,273.08301,84.478798,6062890.5,273.08301,2,0,2,0,0
Graph124,1,1065.5116,80.65831,28936318,1065.5116,2,0,2,0,0
Graph125,1,309.74365,25.907698,653145.5,309.74365,2,0,2,0,0
Graph126,1,1302.3341,49.716862,11525298,1302.3341,2,0,2,0,0
Graph127,1,573.44098,46.198524,3970205.5,573.44098,2,0,2,0,0
Graph128,1,1147.9954,25.90769,2420737,1147.9954,2,0,2,0,0
Graph129,1,505.935,57.004074,5500209.5,505.935,2,0,2,0,0
Graph130,1,413.38501,25.907698,871690.38,413.38501,2,0,2,0,0
Graph131,1,362.31915,33.623367,1562440.4,362.31915,2,0,2,0,0
Graph132,1,673.71942,25.907696,1420648.4,673.71942,2,0,2,0,0
Graph133,1,3001.5474,337.94604,1127380400,3001.5474,2,0,2,0,0
Graph134,1,301.54529,64.375854,3820735.8,301.54529,2,0,2,0,0
Graph135,1,553.91943,77.375069,10408664,553.91943,2,0,2,0,0
Graph136,1,335.46774,25.907698,707389,335.46774,2,0,2,0,0
Graph137,1,430.69049,136.40207,25096478,430.69049,2,0,2,0,0
Graph138,1,415.78448,32.972771,1367349.8,415.78448,2,0,2,0,0
Graph139,1,611.24042,25.907696,1288901.3,611.24042,2,0,2,0,0
Graph140,1,871.02173,97.475319,31014744,871.02173,2,0,2,0,0
Graph141,1,290.89285,81.159302,6203172,290.89285,2,0,2,0,0
Graph142,1,352.09775,25.907698,742456.06,352.09775,2,0,2,0,0
Graph143,1,356.43561,61.105473,3986909,356.43561,2,0,2,0,0
Graph144,1,338.91461,25.907698,714657.31,338.91461,2,0,2,0,0
Graph145,1,361.83536,82.180717,7556114,361.83536,2,0,2,0,0
Graph146,1,370.25079,54.026932,3627176.8,370.25079,2,0,2,0,0
Graph147,1,927.03076,171.59795,87288528,927.03076,2,0,2,0,0
Graph148,1,365.74811,25.907698,771240.19,365.74811,2,0,2,0,0
Graph149,1,1352.2864,360.90976,552859900,1352.2864,2,0,2,0,0
Graph150,1,582.54803,145.16124,40583012,582.54803,2,0,2,0,0
Graph151,1,362.10129,25.907698,763550.13,362.10129,2,0,2,0,0
Graph152,1,384.39215,25.907698,810554.13,384.39215,2,0,2,0,0
Graph153,1,378.21265,30.070681,1162076.6,378.21265,2,0,2,0,0
Graph154,1,722.03131,43.73291,4374977.5,722.03131,2,0,2,0,0
Graph155,1,999.06573,36.560699,4386768,999.06573,2,0,2,0,0
Graph156,1,1004.2476,201.20526,129984720,1004.2476,2,0,2,0,0
Graph157,1,547.16449,96.096909,16304713,547.16449,2,0,2,0,0
Graph158,1,530.88489,61.268642,7966770,530.88489,2,0,2,0,0
Graph159,1,464.11047,65.16967,5838289,464.11047,2,0,2,0,0
Graph160,1,499.14392,37.901352,2484972.3,499.14392,2,0,2,0,0
Graph161,1,819.03961,25.907692,1727079.8,819.03961,2,0,2,0,0
Graph162,1,635.64276,62.437866,7685380,635.64276,2,0,2,0,0
Graph163,1,1200.0724,254.4933,239520450,1200.0724,2,0,2,0,0
Graph164,1,533.89667,83.630684,11799672,533.89667,2,0,2,0,0
Graph165,1,271.07251,25.907698,571601.06,271.07251,2,0,2,0,0
Graph166,1,868.56683,54.479202,8845924,868.56683,2,0,2,0,0
Graph167,1,1512.3097,42.156319,10757436,1512.3097,2,0,2,0,0
Graph168,1,441.1261,64.028519,5570101.5,441.1261,2,0,2,0,0
Graph169,1,1451.2444,89.62709,38355428,1451.2444,2,0,2,0,0
Graph170,1,779.46283,32.548244,2505469.3,779.46283,2,0,2,0,0
Graph171,1,305.45474,25.907698,644101.63,305.45474,2,0,2,0,0
Graph172,1,522.34497,25.907696,1101450.5,522.34497,2,0,2,0,0
Graph173,1,1200.4683,35.000996,4880442,1200.4683,2,0,2,0,0
Graph174,1,817.65338,176.66649,120023140,817.65338,2,0,2,0,0
Graph175,1,354.1543,25.907698,746792.63,354.1543,2,0,2,0,0
Graph176,1,310.28357,498.13571,241896270,310.28357,2,0,2,0,0
Graph177,1,324.63358,62.463924,3808523.8,324.63358,2,0,2,0,0
Graph178,1,349.99622,40.302738,1921177,349.99622,2,0,2,0,0
Graph179,1,495.80948,69.678024,8631576,495.80948,2,0,2,0,0
Graph180,1,834.06696,47.205097,6576166,834.06696,2,0,2,0,0
Graph181,1,408.39392,61.08865,4691557.5,408.39392,2,0,2,0,0
Graph182,1,305.35535,57.967731,3053309.3,305.35535,2,0,2,0,0
Graph183,1,367.34778,32.544922,1341104.5,367.34778,2,0,2,0,0
Graph184,1,343.67233,53.052921,2931387.8,343.67233,2,0,2,0,0
Graph185,1,658.7265,25.907696,1389033.3,658.7265,2,0,2,0,0
Graph186,1,558.84106,34.098759,2053624.3,558.84106,2,0,2,0,0
Graph187,1,650.40704,73.809052,11130190,650.40704,2,0,2,0,0
Graph188,1,363.3299,26.214945,786550.06,363.3299,2,0,2,0,0
Graph189,1,897.9361,317.08871,281664290,897.9361,2,0,2,0,0
Graph190,1,1188.0831,25.90769,2505269,1188.0831,2,0,2,0,0
Graph191,1,426.39551,25.907698,899125.13,426.39551,2,0,2,0,0
Graph192,1,357.13992,25.907698,753088.31,357.13992,2,0,2,0,0
Graph193,1,409.80255,25.907698,864136.19,409.80255,2,0,2,0,0
Graph194,1,289.22141,61.318615,3290341.3,289.22141,2,0,2,0,0
Graph195,1,476.23987,106.72704,16747994,476.23987,2,0,2,0,0
Graph196,1,392.13058,85.514633,8660910,392.13058,2,0,2,0,0
Graph197,1,576.19678,30.596577,1900031.8,576.19678,2,0,2,0,0
Graph198,1,403.5007,25.907698,850847.69,403.5007,2,0,2,0,0
Graph199,1,1999.1229,268.45282,466232990,1999.1229,2,0,2,0,0
Graph200,1,910.91071,105.56096,32070858,910.91071,2,0,2,0,0
Graph201,1,294.267,105.65232,10052225,294.267,2,0,2,0,0
Graph202,1,743.83221,90.164261,20523600,743.83221,2,0,2,0,0
Graph203,1,722.35925,70.535324,11703852,722.35925,2,0,2,0,0
Graph204,1,389.97375,25.907698,822323.94,389.97375,2,0,2,0,0
Graph205,1,274.27481,25.907698,578353.56,274.27481,2,0,2,0,0
Graph206,1,767.17249,113.62788,45267804,767.17249,2,0,2,0,0
Graph207,1,257.93097,86.980591,6158483,257.93097,2,0,2,0,0
Graph208,1,410.39246,25.907698,865380.13,410.39246,2,0,2,0,0
Graph209,1,422.95801,38.36314,2136609,422.95801,2,0,2,0,0
Graph210,1,369.63077,25.907698,779427.38,369.63077,2,0,2,0,0
Graph211,1,344.76163,25.907698,726986.69,344.76163,2,0,2,0,0
Graph212,1,905.7641,42.622433,6013105.5,905.7641,2,0,2,0,0
Graph213,1,438.43481,35.406765,1858264,438.43481,2,0,2,0,0
Graph214,1,531.1286,61.354362,6622159.5,531.1286,2,0,2,0,0
Graph215,1,711.63019,58.041965,8345054,711.63019,2,0,2,0,0
Graph216,1,622.08246,65.619118,11066074,622.08246,2,0,2,0,0
Graph217,1,422.44385,25.907698,890792.5,422.44385,2,0,2,0,0
Graph218,1,319.30658,29.715893,995173.25,319.30658,2,0,2,0,0
Graph219,1,405.66772,74.483643,6719333.5,405.66772,2,0,2,0,0
Graph220,1,1051.3046,45.338863,7300242,1051.3046,2,0,2,0,0
Graph221,1,1513.9747,66.175224,23820276,1513.9747,2,0,2,0,0
Graph222,1,1049.38,42.256828,6461747.5,1049.38,2,0,2,0,0
Graph223,1,476.86285,25.907696,1005543.9,476.86285,2,0,2,0,0
Graph224,1,300.2179,25.907698,633058.94,300.2179,2,0,2,0,0
Graph225,1,3110.1733,307.54044,1418406900,3110.1733,2,0,2,0,0
Graph226,1,290.92633,25.907698,613466.06,290.92633,2,0,2,0,0
Graph227,1,386.92773,25.907698,815900.81,386.92773,2,0,2,0,0
Graph228,1,514.66931,25.907698,1085265.1,514.66931,2,0,2,0,0
Graph229,1,414.39453,138.6232,24876704,414.39453,2,0,2,0,0
Graph230,1,418.38153,25.907698,882226.31,418.38153,2,0,2,0,0
Graph231,1,1184.0186,25.907692,2496698.5,1184.0186,2,0,2,0,0
Graph232,1,555.85175,25.907696,1172105.1,555.85175,2,0,2,0,0
Graph233,1,693.55731,34.873051,2898115.8,693.55731,2,0,2,0,0
Graph234,1,356.33279,25.907698,751386.38,356.33279,2,0,2,0,0
Graph235,1,345.33224,82.317963,7229743,345.33224,2,0,2,0,0
Graph236,1,885.54871,127.19978,44451304,885.54871,2,0,2,0,0
Graph237,1,460.16428,63.972298,5796519,460.16428,2,0,2,0,0
Graph238,1,632.97583,25.907694,1334733.9,632.97583,2,0,2,0,0
Graph239,1,767.22894,29.228952,1897171,767.22894,2,0,2,0,0
Graph240,1,2891.542,78.573524,81614560,2891.542,2,0,2,0,0
Graph241,1,593.56036,26.873688,1368585.1,593.56036,2,0,2,0,0
Graph242,1,695.99719,27.795019,1787940.4,695.99719,2,0,2,0,0
Graph243,1,315.23322,25.907698,664721.13,315.23322,2,0,2,0,0
Graph244,1,693.61029,228.52826,112486820,693.61029,2,0,2,0,0
Graph245,1,575.69775,44.792763,3591781,575.69775,2,0,2,0,0
Graph246,1,367.60712,358.18323,148742270,367.60712,2,0,2,0,0
Graph247,1,837.8454,38.521683,4612331,837.8454,2,0,2,0,0
Graph248,1,653.01385,61.933727,7925442,653.01385,2,0,2,0,0
Graph249,1,469.82159,25.907698,990696.13,469.82159,2,0,2,0,0
Graph250,1,386.97583,25.907698,816002.25,386.97583,2,0,2,0,0
Graph251,1,309.93723,102.7349,10362545,309.93723,2,0,2,0,0
Graph252,1,1129.9235,70.216537,21929946,1129.9235,2,0,2,0,0
Graph253,1,471.1163,27.441137,1139415.3,471.1163,2,0,2,0,0
Graph254,1,429.08408,25.907698,904794.5,429.08408,2,0,2,0,0
Graph255,1,264.05014,25.907698,556793.19,264.05014,2,0,2,0,0
Graph256,1,1778.2358,53.735687,18507246,1778.2358,2,0,2,0,0
Graph257,1,513.93805,69.015511,7665797.5,513.93805,2,0,2,0,0
Graph258,1,761.60333,52.599007,6595414,761.60333,2,0,2,0,0
Graph259,1,259.07813,69.084366,3884565.5,259.07813,2,0,2,0,0
Graph260,1,485.15683,84.444176,11192658,485.15683,2,0,2,0,0
Graph261,1,713.37128,196.43761,85261928,713.37128,2,0,2,0,0
Graph262,1,356.71136,32.075352,1164995.6,356.71136,2,0,2,0,0
Graph263,1,447.3562,33.7617,1807846.4,447.3562,2,0,2,0,0
Graph264,1,1189.7507,61.304264,14474021,1189.7507,2,0,2,0,0
Graph265,1,464.07727,113.87201,18666810,464.07727,2,0,2,0,0
Graph266,1,1653.2026,57.967403,24107918,1653.2026,2,0,2,0,0
Graph267,1,693.69379,49.300999,5702605.5,693.69379,2,0,2,0,0
Graph268,1,429.41394,43.737858,2369511.8,429.41394,2,0,2,0,0
Graph269,1,314.40796,25.907698,662981,314.40796,2,0,2,0,0
Graph270,1,375.69739,31.25536,1351710.9,375.69739,2,0,2,0,0
Graph271,1,289.65268,25.907698,610780.38,289.65268,2,0,2,0,0
Graph272,1,641.11554,93.419434,18941342,641.11554,2,0,2,0,0
Graph273,1,903.5899,29.703642,2707745.8,903.5899,2,0,2,0,0
Graph274,1,278.91074,65.724213,3733611.5,278.91074,2,0,2,0,0
Graph275,1,640.22192,48.625,5336544,640.22192,2,0,2,0,0
Graph276,1,408.04568,66.282631,5550692,408.04568,2,0,2,0,0
Graph277,1,262.49646,25.907698,553517,262.49646,2,0,2,0,0
Graph278,1,488.15167,25.907698,1029348.1,488.15167,2,0,2,0,0
Graph279,1,367.77899,49.548244,2673860.8,367.77899,2,0,2,0,0
Graph280,1,448.18411,30.704674,1230532.4,448.18411,2,0,2,0,0
Graph281,1,667.17761,61.135025,7763019.5,667.17761,2,0,2,0,0
Graph282,1,1309.5994,58.900375,17393552,1309.5994,2,0,2,0,0
Graph283,1,508.36328,36.205025,2209253.3,508.36328,2,0,2,0,0
Graph284,1,460.38531,25.907698,970798.19,460.38531,2,0,2,0,0
Graph285,1,2561.043,39.438461,14386141,2561.043,2,0,2,0,0
Graph286,1,404.63037,25.907698,853229.75,404.63037,2,0,2,0,0
Graph287,1,643.49774,141.65613,41273356,643.49774,2,0,2,0,0
Graph288,1,337.43463,29.884842,1058530,337.43463,2,0,2,0,0
Graph289,1,350.76675,25.907698,739649.44,350.76675,2,0,2,0,0
Graph290,1,851.33362,57.793362,11407511,851.33362,2,0,2,0,0
Graph291,1,746.51593,25.907694,1574151.8,746.51593,2,0,2,0,0
Graph292,1,509.50528,97.222061,15448063,509.50528,2,0,2,0,0
Graph293,1,445.327,48.74453,3705093,445.327,2,0,2,0,0
Graph294,1,371.59296,39.512829,2001831.3,371.59296,2,0,2,0,0
Graph295,1,333.03146,25.907698,702251.69,333.03146,2,0,2,0,0
Graph296,1,328.67044,64.277321,4041751,328.67044,2,0,2,0,0
Graph297,1,589.78735,43.183002,3445746.5,589.78735,2,0,2,0,0
Graph298,1,636.39063,38.939175,3843845,636.39063,2,0,2,0,0
Graph299,1,328.50327,111.83474,13262074,328.50327,2,0,2,0,0
Graph300,1,764.13452,163.37059,63482344,764.13452,2,0,2,0,0
Graph301,1,310.98059,25.907698,655753.81,310.98059,2,0,2,0,0
Graph302,1,345.11035,70.135651,5163015.5,345.11035,2,0,2,0,0
Graph303,1,329.43521,71.566742,5367626.5,329.43521,2,0,2,0,0
Graph304,1,467.71411,141.25618,28876050,467.71411,2,0,2,0,0
Graph305,1,349.98328,406.60214,182022290,349.98328,2,0,2,0,0
Graph306,1,1120.8341,143.11166,73523296,1120.8341,2,0,2,0,0
Graph307,1,563.95929,74.999847,10074187,563.95929,2,0,2,0,0
Graph308,1,296.71539,84.141365,6547810,296.71539,2,0,2,0,0
Graph309,1,520.92065,145.25363,33571648,520.92065,2,0,2,0,0
Graph310,1,486.46729,46.142765,3991980.5,486.46729,2,0,2,0,0
Graph311,1,314.89056,403.88953,159779660,314.89056,2,0,2,0,0
Graph312,1,530.2876,25.907696,1118198.6,530.2876,2,0,2,0,0
Graph313,1,401.23169,63.234982,4942751.5,401.23169,2,0,2,0,0
Graph314,1,450.134,85.340363,10282277,450.134,2,0,2,0,0
Graph315,1,469.71613,65.949951,6388601.5,469.71613,2,0,2,0,0
Graph316,1,979.87775,56.348286,12717007,979.87775,2,0,2,0,0
Graph317,1,1502.2828,110.85912,65194924,1502.2828,2,0,2,0,0
Graph318,1,572.03558,25.907696,1206231.3,572.03558,2,0,2,0,0
Graph319,1,1239.3676,291.80566,335742020,1239.3676,2,0,2,0,0
Graph320,1,420.2106,25.907698,886083.25,420.2106,2,0,2,0,0
Graph321,1,725.11279,553.04596,693304510,725.11279,2,0,2,0,0
Graph322,1,372.68326,25.907698,785864.06,372.68326,2,0,2,0,0
Graph323,1,1086.6212,71.894218,19467508,1086.6212,2,0,2,0,0
Graph324,1,738.22247,59.034618,8070576,738.22247,2,0,2,0,0
Graph325,1,486.02911,57.027676,5229803.5,486.02911,2,0,2,0,0
Graph326,1,764.81665,123.07938,35516308,764.81665,2,0,2,0,0
Graph327,1,1089.2867,80.436653,23406266,1089.2867,2,0,2,0,0
Graph328,1,281.5672,219.90907,42422792,281.5672,2,0,2,0,0
Graph329,1,264.17578,48.854206,2149535,264.17578,2,0,2,0,0
Graph330,1,787.01117,66.148293,18176446,787.01117,2,0,2,0,0
Graph331,1,340.36505,38.545525,1620719.6,340.36505,2,0,2,0,0
Graph332,1,449.63702,25.907698,948133.69,449.63702,2,0,2,0,0
Graph333,1,273.082,107.19898,9993665,273.082,2,0,2,0,0
Graph334,1,560.3476,25.907696,1181585.1,560.3476,2,0,2,0,0
Graph335,1,711.71521,142.87483,45630872,711.71521,2,0,2,0,0
Graph336,1,422.36844,28.130524,1100126.6,422.36844,2,0,2,0,0
Graph337,1,689.32526,25.907694,1453555.8,689.32526,2,0,2,0,0
Graph338,1,486.8092,62.953335,6279488,486.8092,2,0,2,0,0
Graph339,1,653.40906,73.740974,15136071,653.40906,2,0,2,0,0
Graph340,1,525.03143,29.555643,1492779.6,525.03143,2,0,2,0,0
Graph341,1,297.77667,67.797882,4267641,297.77667,2,0,2,0,0
Graph342,1,291.19855,25.907698,614040.06,291.19855,2,0,2,0,0
Graph343,1,690.3797,58.233505,7726943.5,690.3797,2,0,2,0,0
Graph344,1,373.41638,25.907698,787410,373.41638,2,0,2,0,0
Graph345,1,366.67807,32.075977,1073283.1,366.67807,2,0,2,0,0
Graph346,1,329.53949,36.265968,1435117.5,329.53949,2,0,2,0,0
Graph347,1,486.48117,54.211754,4520244.5,486.48117,2,0,2,0,0
Graph348,1,314.93958,59.600536,3381728.8,314.93958,2,0,2,0,0
Graph349,1,816.97974,86.582016,20744000,816.97974,2,0,2,0,0
Graph350,1,839.67828,121.98591,40499956,839.67828,2,0,2,0,0
Graph351,1,2198.3704,60.759022,29366926,2198.3704,2,0,2,0,0
Graph352,1,1463.8141,60.355221,21796472,1463.8141,2,0,2,0,0
Graph353,1,288.68597,25.907698,608741.94,288.68597,2,0,2,0,0
Graph354,1,695.77509,46.154152,5665613,695.77509,2,0,2,0,0
Graph355,1,459.22757,134.3033,26103194,459.22757,2,0,2,0,0
Graph356,1,998.46576,111.6917,41490596,998.46576,2,0,2,0,0
Graph357,1,258.05191,25.907698,544144.94,258.05191,2,0,2,0,0
Graph358,1,363.9147,68.620964,5209705,363.9147,2,0,2,0,0
Graph359,1,2661.1604,157.70021,326058660,2661.1604,2,0,2,0,0
Graph360,1,735.31219,34.024601,2870095.3,735.31219,2,0,2,0,0
Graph361,1,736.2655,37.505562,4034641.8,736.2655,2,0,2,0,0
Graph362,1,522.75757,67.439323,7276556.5,522.75757,2,0,2,0,0
Graph363,1,429.9303,33.573357,1550744.6,429.9303,2,0,2,0,0
Graph364,1,632.19525,27.86315,1662553.1,632.19525,2,0,2,0,0
Graph365,1,945.99524,89.750702,24095504,945.99524,2,0,2,0,0
Graph366,1,1188.8716,25.907692,2506931.8,1188.8716,2,0,2,0,0
Graph367,1,476.79041,64.054352,6032906,476.79041,2,0,2,0,0
Graph368,1,894.66022,33.834892,3692468.8,894.66022,2,0,2,0,0
Graph369,1,310.28131,66.696175,4265701.5,310.28131,2,0,2,0,0
Graph370,1,277.24149,70.526649,4149756.5,277.24149,2,0,2,0,0
Graph371,1,342.26617,25.907698,721724.56,342.26617,2,0,2,0,0
Graph372,1,345.51392,69.759369,5188018.5,345.51392,2,0,2,0,0
Graph373,1,619.98889,25.907696,1307348.6,619.98889,2,0,2,0,0
Graph374,1,672.95587,60.977146,8523039,672.95587,2,0,2,0,0
Graph375,1,1052.2054,74.843292,20481314,1052.2054,2,0,2,0,0
Graph376,1,355.70587,29.913912,1110874.3,355.70587,2,0,2,0,0
Graph377,1,424.45764,26.819517,978448.44,424.45764,2,0,2,0,0
Graph378,1,653.1499,29.832567,1772512.3,653.1499,2,0,2,0,0
Graph379,1,396.17139,50.274868,2819301.3,396.17139,2,0,2,0,0
Graph380,1,770.40088,75.431366,13609761,770.40088,2,0,2,0,0
Graph381,1,444.34924,25.907698,936983.63,444.34924,2,0,2,0,0
Graph382,1,350.56146,34.878792,1307126.8,350.56146,2,0,2,0,0
Graph383,1,665.60297,25.907694,1403533.4,665.60297,2,0,2,0,0
Graph384,1,380.86111,25.907698,803108.38,380.86111,2,0,2,0,0
Graph385,1,597.03027,32.477169,2096470.8,597.03027,2,0,2,0,0
Graph386,1,668.63245,25.907694,1409921.8,668.63245,2,0,2,0,0
Graph387,1,307.88113,111.51632,11348026,307.88113,2,0,2,0,0
Graph388,1,284.31973,73.677872,4971486,284.31973,2,0,2,0,0
Graph389,1,681.99829,432.45862,399678750,681.99829,2,0,2,0,0
Graph390,1,325.06219,42.608646,1563273.5,325.06219,2,0,2,0,0
Graph391,1,782.56689,31.299385,2345676.8,782.56689,2,0,2,0,0
Graph392,1,1004.6972,76.81311,23903560,1004.6972,2,0,2,0,0
Graph393,1,291.45367,86.441948,6842389.5,291.45367,2,0,2,0,0
Graph394,1,511.95062,36.455551,2285331.3,511.95062,2,0,2,0,0
Graph395,1,599.92023,25.907696,1265030.6,599.92023,2,0,2,0,0
Graph396,1,884.15588,25.907692,1864388.3,884.15588,2,0,2,0,0
Graph397,1,354.97763,73.989761,5752788.5,354.97763,2,0,2,0,0
Graph398,1,623.57715,77.464485,11253559,623.57715,2,0,2,0,0
Graph399,1,523.27289,59.749958,5701237,523.27289,2,0,2,0,0
Graph400,1,565.33167,50.531792,4801038.5,565.33167,2,0,2,0,0
Graph401,1,514.43799,39.019638,2869661,514.43799,2,0,2,0,0
Graph402,1,339.61307,44.657341,2201688.5,339.61307,2,0,2,0,0
Graph403,1,286.35602,25.907698,603828.81,286.35602,2,0,2,0,0
Graph404,1,438.70825,59.575882,4957168.5,438.70825,2,0,2,0,0
Graph405,1,388.63464,25.907698,819500.13,388.63464,2,0,2,0,0
Graph406,1,530.1983,58.231209,5663781.5,530.1983,2,0,2,0,0
Graph407,1,413.3847,32.075485,1256961.4,413.3847,2,0,2,0,0
Graph408,1,285.56561,104.82165,9600266,285.56561,2,0,2,0,0
Graph409,1,491.32077,37.725498,2318501.3,491.32077,2,0,2,0,0
Graph410,1,657.69409,39.566677,3677411.8,657.69409,2,0,2,0,0
Graph411,1,288.03549,63.644337,3544596.5,288.03549,2,0,2,0,0
Graph412,1,375.51367,33.103588,1097767.1,375.51367,2,0,2,0,0
Graph413,1,531.37878,25.907698,1120499.6,531.37878,2,0,2,0,0
Graph414,1,626.78687,49.787296,4841841,626.78687,2,0,2,0,0
Graph415,1,349.63818,25.907698,737269.63,349.63818,2,0,2,0,0
Graph416,1,291.06976,29.14522,862734.19,291.06976,2,0,2,0,0
Graph417,1,347.55896,38.804626,1684984,347.55896,2,0,2,0,0
Graph418,1,287.27628,25.907698,605769.38,287.27628,2,0,2,0,0
Graph419,1,1866.47,60.25985,24594056,1866.47,2,0,2,0,0
Graph420,1,565.62531,42.443657,3894674,565.62531,2,0,2,0,0
Graph421,1,270.8421,25.907698,571115.19,270.8421,2,0,2,0,0
Graph422,1,305.73645,59.946976,3343125.8,305.73645,2,0,2,0,0
Graph423,1,1012.1173,35.548416,4589753,1012.1173,2,0,2,0,0
Graph424,1,461.30994,63.127167,5568512,461.30994,2,0,2,0,0
Graph425,1,834.91217,126.70387,47051108,834.91217,2,0,2,0,0
Graph426,1,500.37683,46.592216,3609080.5,500.37683,2,0,2,0,0
Graph427,1,433.99823,34.655952,1605149.5,433.99823,2,0,2,0,0
Graph428,1,321.1857,25.907698,677273,321.1857,2,0,2,0,0
Graph429,1,267.02505,67.833229,3838017.8,267.02505,2,0,2,0,0
Graph430,1,948.32971,38.721401,5282573.5,948.32971,2,0,2,0,0
Graph431,1,947.12402,35.63348,3707304,947.12402,2,0,2,0,0
Graph432,1,1009.5472,59.503819,12315542,1009.5472,2,0,2,0,0
Graph433,1,258.96677,52.512939,2080715.9,258.96677,2,0,2,0,0
Graph434,1,585.19629,34.788776,2319978,585.19629,2,0,2,0,0
Graph435,1,264.1893,25.907698,557086.63,264.1893,2,0,2,0,0
Graph436,1,428.43643,25.907698,903428.81,428.43643,2,0,2,0,0
Graph437,1,1236.9246,145.25363,107593620,1236.9246,2,0,2,0,0
Graph438,1,490.47266,38.824451,2751988,490.47266,2,0,2,0,0
Graph439,1,750.15979,25.907694,1581835.1,750.15979,2,0,2,0,0
Graph440,1,327.54285,25.907698,690678.06,327.54285,2,0,2,0,0
Graph441,1,681.80701,49.060108,5973429,681.80701,2,0,2,0,0
Graph442,1,319.91437,33.695339,1229082.9,319.91437,2,0,2,0,0
Graph443,1,622.32025,41.084442,3572845.5,622.32025,2,0,2,0,0
Graph444,1,361.37332,46.788219,2273677,361.37332,2,0,2,0,0
Graph445,1,626.56079,65.476898,8682496,626.56079,2,0,2,0,0
Graph446,1,266.30304,25.907698,561543.81,266.30304,2,0,2,0,0
Graph447,1,1151.722,75.734947,20451338,1151.722,2,0,2,0,0
Graph448,1,1032.9863,58.589699,12405952,1032.9863,2,0,2,0,0
Graph449,1,304.61496,68.011375,4403535,304.61496,2,0,2,0,0
Graph450,1,639.32306,25.907696,1348118.3,639.32306,2,0,2,0,0
Graph451,1,1092.9467,67.44841,22241610,1092.9467,2,0,2,0,0
Graph452,1,739.01337,25.907694,1558331.3,739.01337,2,0,2,0,0
Graph453,1,387.23688,25.907698,816552.69,387.23688,2,0,2,0,0
Graph454,1,400.35043,25.907698,844204.75,400.35043,2,0,2,0,0
Graph455,1,909.55859,62.728416,11024765,909.55859,2,0,2,0,0
Graph456,1,638.81653,102.00833,21106264,638.81653,2,0,2,0,0
Graph457,1,1580.2659,52.640892,15237013,1580.2659,2,0,2,0,0
Graph458,1,462.65259,25.907696,975579.19,462.65259,2,0,2,0,0
Graph459,1,774.71057,63.91048,9725343,774.71057,2,0,2,0,0
Graph460,1,325.95251,25.907698,687324.56,325.95251,2,0,2,0,0
Graph461,1,497.0748,25.907698,1048164.1,497.0748,2,0,2,0,0
Graph462,1,303.35492,25.907698,639673.81,303.35492,2,0,2,0,0
Graph463,1,341.67676,25.907698,720481.75,341.67676,2,0,2,0,0
Graph464,1,429.49274,66.546753,5802339.5,429.49274,2,0,2,0,0
Graph465,1,342.26276,25.907698,721717.31,342.26276,2,0,2,0,0
Graph466,1,2414.033,63.456844,30866552,2414.033,2,0,2,0,0
Graph467,1,305.87112,25.907698,644979.63,305.87112,2,0,2,0,0
Graph468,1,364.25903,25.907698,768100.19,364.25903,2,0,2,0,0
Graph469,1,733.28204,37.301109,3516029,733.28204,2,0,2,0,0
Graph470,1,364.0416,25.907698,767641.63,364.0416,2,0,2,0,0
Graph471,1,424.84125,25.907698,895847.81,424.84125,2,0,2,0,0
Graph472,1,811.19965,49.7995,6738777,811.19965,2,0,2,0,0
Graph473,1,1694.6525,53.073071,19528094,1694.6525,2,0,2,0,0
Graph474,1,557.98035,42.389641,3614791.5,557.98035,2,0,2,0,0
Graph475,1,570.82599,44.185741,3281666,570.82599,2,0,2,0,0
Graph476,1,334.8967,25.907698,706184.81,334.8967,2,0,2,0,0
Graph477,1,2085.0437,74.021568,36255148,2085.0437,2,0,2,0,0
Graph478,1,326.16489,25.907698,687772.31,326.16489,2,0,2,0,0
Graph479,1,328.7915,32.499897,989448,328.7915,2,0,2,0,0
Graph480,1,366.88812,61.524422,4277693.5,366.88812,2,0,2,0,0
Graph481,1,598.3056,25.907696,1261625.9,598.3056,2,0,2,0,0
Graph482,1,539.63843,42.435589,4003444.8,539.63843,2,0,2,0,0
Graph483,1,277.6507,33.103958,912642.5,277.6507,2,0,2,0,0
Graph484,1,642.10852,25.907696,1353991.6,642.10852,2,0,2,0,0
Graph485,1,795.93634,443.11285,489149820,795.93634,2,0,2,0,0
Graph486,1,807.3175,54.909546,11914378,807.3175,2,0,2,0,0
Graph487,1,595.36212,29.96648,1967425.5,595.36212,2,0,2,0,0
Graph488,1,435.31738,62.846794,5261117.5,435.31738,2,0,2,0,0
Graph489,1,579.63757,39.991604,3333368.3,579.63757,2,0,2,0,0
Graph490,1,548.65649,47.524738,4412851,548.65649,2,0,2,0,0
Graph491,1,293.94342,28.635019,796527.13,293.94342,2,0,2,0,0
Graph492,1,1147.1205,147.09737,78986528,1147.1205,2,0,2,0,0
Graph493,1,389.80032,25.907698,821958.13,389.80032,2,0,2,0,0
Graph494,1,615.97198,26.740898,1405474.8,615.97198,2,0,2,0,0
Graph495,1,442.67178,39.554165,2253756.5,442.67178,2,0,2,0,0
Graph496,1,449.87869,26.873833,1034543.8,449.87869,2,0,2,0,0
Graph497,1,666.62531,32.529675,2039515,666.62531,2,0,2,0,0
Graph498,1,414.20828,25.907698,873426.38,414.20828,2,0,2,0,0
Graph499,1,948.44269,37.428497,4557311.5,948.44269,2,0,2,0,0
Graph500,1,976.5531,58.974758,11825541,976.5531,2,0,2,0,0
Graph501,1,993.55872,55.722851,11401403,993.55872,2,0,2,0,0
Graph502,1,381.84067,25.907698,805173.94,381.84067,2,0,2,0,0
Graph503,1,292.85745,25.907698,617538.25,292.85745,2,0,2,0,0
Graph504,1,406.46716,25.907698,857103,406.46716,2,0,2,0,0
Graph505,1,1008.7172,89.380394,28361832,1008.7172,2,0,2,0,0
Graph506,1,441.24664,42.059891,2791468.3,441.24664,2,0,2,0,0
Graph507,1,650.59912,290.50562,171655540,650.59912,2,0,2,0,0
Graph508,1,1408.7114,80.90416,31634840,1408.7114,2,0,2,0,0
Graph509,1,514.09674,43.135571,3327495.8,514.09674,2,0,2,0,0
Graph510,1,670.92706,110.52351,27566636,670.92706,2,0,2,0,0
Graph511,1,489.63165,53.649006,4695647,489.63165,2,0,2,0,0
Graph512,1,593.65289,60.338734,7030877,593.65289,2,0,2,0,0
Graph513,1,557.35864,25.907696,1175282.6,557.35864,2,0,2,0,0
Graph514,1,642.82263,62.390934,7908939.5,642.82263,2,0,2,0,0
Graph515,1,549.74475,68.771667,8156066,549.74475,2,0,2,0,0
Graph516,1,1005.2876,65.489342,13711441,1005.2876,2,0,2,0,0
Graph517,1,385.84708,25.907698,813622.06,385.84708,2,0,2,0,0
Graph518,1,840.58331,31.091906,2478301.5,840.58331,2,0,2,0,0
Graph519,1,786.29773,51.940361,9211368,786.29773,2,0,2,0,0
Graph520,1,614.18225,25.907696,1295104.4,614.18225,2,0,2,0,0
Graph521,1,606.10132,61.34486,7144436,606.10132,2,0,2,0,0
Graph522,1,511.66974,43.286636,3339564.3,511.66974,2,0,2,0,0
Graph523,1,1537.0765,47.179367,12009695,1537.0765,2,0,2,0,0
Graph524,1,1214.7925,55.171669,13435032,1214.7925,2,0,2,0,0
Graph525,1,975.65826,87.545906,26339680,975.65826,2,0,2,0,0
Graph526,1,506.23938,53.96693,4536389,506.23938,2,0,2,0,0
Graph527,1,438.52206,25.907698,924696,438.52206,2,0,2,0,0
Graph528,1,256.10333,66.146538,3464019.5,256.10333,2,0,2,0,0
Graph529,1,426.8222,61.300884,4939400.5,426.8222,2,0,2,0,0
Graph530,1,867.00519,53.021111,7872017.5,867.00519,2,0,2,0,0
Graph531,1,370.35352,25.907698,780951.44,370.35352,2,0,2,0,0
Graph532,1,553.77509,48.053917,4687935.5,553.77509,2,0,2,0,0
Graph533,1,620.39502,51.774456,5490591.5,620.39502,2,0,2,0,0
Graph534,1,270.11316,35.7202,1279113.8,270.11316,2,0,2,0,0
Graph535,1,550.64001,25.907698,1161115.1,550.64001,2,0,2,0,0
Graph536,1,521.47852,25.907698,1099623.4,521.47852,2,0,2,0,0
Graph537,1,290.89426,68.975342,4349177,290.89426,2,0,2,0,0
Graph538,1,353.97571,221.39972,54259916,353.97571,2,0,2,0,0
Graph539,1,1462.6162,26.510454,3250835.5,1462.6162,2,0,2,0,0
Graph540,1,692.63257,31.68614,2239306,692.63257,2,0,2,0,0
Graph541,1,1153.8806,81.818871,24838960,1153.8806,2,0,2,0,0
Graph542,1,1237.1144,114.70264,63409724,1237.1144,2,0,2,0,0
Graph543,1,1789.9254,260.08801,526165310,1789.9254,2,0,2,0,0
Graph544,1,309.05609,25.907698,651695.63,309.05609,2,0,2,0,0
Graph545,1,269.47885,77.378288,5089484,269.47885,2,0,2,0,0
Graph546,1,593.48633,60.373623,6871103.5,593.48633,2,0,2,0,0
Graph547,1,600.12268,86.761673,14485421,600.12268,2,0,2,0,0
Graph548,1,613.61292,33.015713,2300657.5,613.61292,2,0,2,0,0
Graph549,1,630.68616,27.014946,1457288.6,630.68616,2,0,2,0,0
Graph550,1,340.36423,61.91745,4010780,340.36423,2,0,2,0,0
Graph551,1,846.86987,48.608631,7534020.5,846.86987,2,0,2,0,0
Graph552,1,1458.7953,62.290794,33824268,1458.7953,2,0,2,0,0
Graph553,1,514.91443,27.962807,1302599.8,514.91443,2,0,2,0,0
Graph554,1,624.38367,44.82843,5004182,624.38367,2,0,2,0,0
Graph555,1,2237.9285,93.986313,82338416,2237.9285,2,0,2,0,0
Graph556,1,429.26553,25.907698,905177,429.26553,2,0,2,0,0
Graph557,1,414.8447,77.010033,7620751.5,414.8447,2,0,2,0,0
Graph558,1,616.41156,46.044201,4196546,616.41156,2,0,2,0,0
Graph559,1,1354.347,47.795437,11923992,1354.347,2,0,2,0,0
Graph560,1,415.0459,61.572178,4841606.5,415.0459,2,0,2,0,0
Graph561,1,309.15625,75.583405,5718788.5,309.15625,2,0,2,0,0
Graph562,1,356.14276,73.548752,5997972.5,356.14276,2,0,2,0,0
Graph563,1,628.80603,79.760139,14213235,628.80603,2,0,2,0,0
Graph564,1,758.89294,65.748016,10154986,758.89294,2,0,2,0,0
Graph565,1,495.32037,94.246918,13852861,495.32037,2,0,2,0,0
Graph566,1,765.39075,54.002438,7357253,765.39075,2,0,2,0,0
Graph567,1,536.1441,52.8867,4491178,536.1441,2,0,2,0,0
Graph568,1,283.75037,25.907698,598334.44,283.75037,2,0,2,0,0
Graph569,1,419.22983,25.907698,884015.13,419.22983,2,0,2,0,0
Graph570,1,470.55902,31.304432,1293173.9,470.55902,2,0,2,0,0
Graph571,1,267.02399,82.224586,5560880.5,267.02399,2,0,2,0,0
Graph572,1,315.88895,25.907698,666103.81,315.88895,2,0,2,0,0
Graph573,1,1788.1752,29.130159,4899014.5,1788.1752,2,0,2,0,0
Graph574,1,335.37787,45.999104,2184492.5,335.37787,2,0,2,0,0
Graph575,1,1367.4714,54.381565,13692303,1367.4714,2,0,2,0,0
Graph576,1,348.5538,404.52509,177841900,348.5538,2,0,2,0,0
Graph577,1,1545.4287,191.23805,293079230,1545.4287,2,0,2,0,0
Graph578,1,686.98877,45.957211,5186199,686.98877,2,0,2,0,0
Graph579,1,243.38422,25.907698,513215.72,243.38422,2,0,2,0,0
Graph580,1,1020.0806,72.171738,16435292,1020.0806,2,0,2,0,0
Graph581,1,890.85333,121.42722,66846320,890.85333,2,0,2,0,0
Graph582,1,527.74109,25.907698,1112828.9,527.74109,2,0,2,0,0
Graph583,1,503.151,72.707092,8580418,503.151,2,0,2,0,0
Graph584,1,567.26709,32.24477,1800311.6,567.26709,2,0,2,0,0
Graph585,1,568.05804,25.907696,1197844,568.05804,2,0,2,0,0
Graph586,1,362.49841,120.7479,16600424,362.49841,2,0,2,0,0
Graph587,1,511.85995,85.266083,11813500,511.85995,2,0,2,0,0
Graph588,1,1057.4128,452.19473,674860420,1057.4128,2,0,2,0,0
Graph589,1,632.75159,53.229313,5529704,632.75159,2,0,2,0,0
Graph590,1,860.9729,49.662159,9781672,860.9729,2,0,2,0,0
Graph591,1,826.74341,48.769897,6760073.5,826.74341,2,0,2,0,0
Graph592,1,395.23932,32.075748,1206481.1,395.23932,2,0,2,0,0
Graph593,1,600.90228,29.505295,1541021,600.90228,2,0,2,0,0
Graph594,1,523.7309,25.907696,1104372.9,523.7309,2,0,2,0,0
Graph595,1,558.146,40.273052,3310590.8,558.146,2,0,2,0,0
Graph596,1,1300.7612,77.14344,28979388,1300.7612,2,0,2,0,0
Graph597,1,632.18756,77.682976,11647435,632.18756,2,0,2,0,0
Graph598,1,357.28784,25.907698,753400.25,357.28784,2,0,2,0,0
Graph599,1,386.52222,25.907698,815045.75,386.52222,2,0,2,0,0
Graph600,1,411.15787,106.62656,14381320,411.15787,2,0,2,0,0
Graph601,1,465.15628,65.198792,6107484,465.15628,2,0,2,0,0
Graph602,1,879.40717,81.463425,18478702,879.40717,2,0,2,0,0
Graph603,1,1137.9625,50.549648,10229872,1137.9625,2,0,2,0,0
Graph604,1,474.54684,34.121033,1744614.8,474.54684,2,0,2,0,0
Graph605,1,594.28827,63.035107,7724098.5,594.28827,2,0,2,0,0
Graph606,1,282.65414,26.524607,632465.69,282.65414,2,0,2,0,0
Graph607,1,274.09076,86.476845,6439581.5,274.09076,2,0,2,0,0
Graph608,1,380.83469,25.907698,803052.69,380.83469,2,0,2,0,0
Graph609,1,324.51401,25.907698,684291.19,324.51401,2,0,2,0,0
Graph610,1,741.80206,25.907694,1564211.6,741.80206,2,0,2,0,0
Graph611,1,2286.3918,136.53497,182143760,2286.3918,2,0,2,0,0
Graph612,1,1553.8267,48.543362,12126889,1553.8267,2,0,2,0,0
Graph613,1,964.79987,72.462311,18377274,964.79987,2,0,2,0,0
Graph614,1,303.40973,83.785156,6622182.5,303.40973,2,0,2,0,0
Graph615,1,343.10681,170.02235,30526192,343.10681,2,0,2,0,0
Graph616,1,362.27377,75.467285,6478665.5,362.27377,2,0,2,0,0
Graph617,1,683.57678,31.227623,2024969.8,683.57678,2,0,2,0,0
Graph618,1,351.84674,25.907698,741926.88,351.84674,2,0,2,0,0
Graph619,1,287.56378,25.907698,606375.56,287.56378,2,0,2,0,0
Graph620,1,851.6272,25.907694,1795796.4,851.6272,2,0,2,0,0
Graph621,1,421.28723,25.907698,888353.44,421.28723,2,0,2,0,0
Graph622,1,306.22501,93.6726,7858137.5,306.22501,2,0,2,0,0
Graph623,1,604.98779,72.113869,10159706,604.98779,2,0,2,0,0
Graph624,1,1630.8201,95.221161,52534228,1630.8201,2,0,2,0,0
Graph625,1,439.35947,71.74231,7013829,439.35947,2,0,2,0,0
Graph626,1,326.22345,155.23552,24178834,326.22345,2,0,2,0,0
Graph627,1,252.90994,25.907698,533302.25,252.90994,2,0,2,0,0
Graph628,1,455.931,108.73071,16844398,455.931,2,0,2,0,0
Graph629,1,326.37952,72.086021,5264377,326.37952,2,0,2,0,0
Graph630,1,281.83545,106.88795,9965182,281.83545,2,0,2,0,0
Graph631,1,894.16962,38.211365,4466719,894.16962,2,0,2,0,0
Graph632,1,776.00262,73.238419,15240596,776.00262,2,0,2,0,0
Graph633,1,893.08673,50.090298,7703474.5,893.08673,2,0,2,0,0
Graph634,1,1712.8647,48.577263,14719954,1712.8647,2,0,2,0,0
Graph635,1,437.44778,25.907698,922430.75,437.44778,2,0,2,0,0
Graph636,1,1179.1088,98.30114,40204256,1179.1088,2,0,2,0,0
Graph637,1,380.54056,25.907698,802432.56,380.54056,2,0,2,0,0
Graph638,1,299.88586,25.907698,632358.75,299.88586,2,0,2,0,0
Graph639,1,1082.0479,35.234982,5036295,1082.0479,2,0,2,0,0
Graph640,1,296.25278,70.929802,4678760.5,296.25278,2,0,2,0,0
Graph641,1,4789.4897,378.72507,2896201700,4789.4897,2,0,2,0,0
Graph642,1,482.10669,60.644432,5464740,482.10669,2,0,2,0,0
Graph643,1,1115.1202,139.00996,124161850,1115.1202,2,0,2,0,0
Graph644,1,366.90082,67.453377,5168606,366.90082,2,0,2,0,0
Graph645,1,1523.451,76.85231,29410886,1523.451,2,0,2,0,0
Graph646,1,641.33923,35.893288,2922954.5,641.33923,2,0,2,0,0
Graph647,1,1054.771,25.907692,2224158.5,1054.771,2,0,2,0,0
Graph648,1,680.09625,46.597652,4879412.5,680.09625,2,0,2,0,0
Graph649,1,564.31854,53.600613,5602526.5,564.31854,2,0,2,0,0
Graph650,1,288.80151,64.245834,3644234.3,288.80151,2,0,2,0,0
Graph651,1,407.43411,25.907698,859141.94,407.43411,2,0,2,0,0
Graph652,1,409.04245,25.907698,862533.31,409.04245,2,0,2,0,0
Graph653,1,1423.5927,38.566414,7949787,1423.5927,2,0,2,0,0
Graph654,1,389.06519,69.672882,6062732,389.06519,2,0,2,0,0
Graph655,1,446.1236,34.537884,1735699.9,446.1236,2,0,2,0,0
Graph656,1,665.19403,421.82086,369967970,665.19403,2,0,2,0,0
Graph657,1,311.91333,25.907698,657720.63,311.91333,2,0,2,0,0
Graph658,1,290.8927,25.907698,613395.25,290.8927,2,0,2,0,0
Graph659,1,335.47083,50.722393,2875705.8,335.47083,2,0,2,0,0
Graph660,1,267.02628,33.101379,853978.06,267.02628,2,0,2,0,0
Graph661,1,621.72888,192.1756,72692512,621.72888,2,0,2,0,0
Graph662,1,304.69058,66.406364,4156671,304.69058,2,0,2,0,0
Graph663,1,941.58307,36.96389,4522351,941.58307,2,0,2,0,0
Graph664,1,339.53448,25.907698,715964.38,339.53448,2,0,2,0,0
Graph665,1,262.4007,25.907698,553315,262.4007,2,0,2,0,0
Graph666,1,323.54013,62.386555,3787706.5,323.54013,2,0,2,0,0
Graph667,1,280.71173,64.913208,3642105,280.71173,2,0,2,0,0
Graph668,1,3611.5044,645.80945,5808526800,3611.5044,2,0,2,0,0
Graph669,1,694.76001,43.75267,5757033,694.76001,2,0,2,0,0
Graph670,1,338.91458,25.907698,714657.19,338.91458,2,0,2,0,0
Graph671,1,243.63199,36.356457,1048817.8,243.63199,2,0,2,0,0
