Pore EqRadius,Cumulative Frequency of Pore Body Volume
187.0329437,2.5955825437817937e-06
191.6643372,5.388798360789704e-06
194.3390656,8.300594065965928e-06
196.0821228,1.1291442966781568e-05
198.0772705,1.4374520627412922e-05
198.6399994,1.7483949416396878e-05
199.1995544,2.0619729333733432e-05
200.8596191,2.38345624467094e-05
200.8596191,2.704939555968537e-05
202.2223511,3.033010649354284e-05
202.4927063,3.362399299157661e-05
205.6820831,3.7075985880889214e-05
208.52120969999999,4.067290997614112e-05
208.52120969999999,4.426983407139302e-05
208.7755127,4.787993373082122e-05
211.0367889,5.160861308899935e-05
213.4937897,5.5469048088940484e-05
214.4609375,5.938218534558682e-05
214.9412537,6.332167373058575e-05
217.5454102,6.740609294268722e-05
217.7790833,7.150368771896498e-05
218.2449188,7.562763362359535e-05
218.2449188,7.97515795282257e-05
218.708786,8.390187656120868e-05
221.9020538,8.823663111382307e-05
224.1279144,9.270314130820046e-05
225.2244415,9.723552894462259e-05
226.5263519,0.00010184696996610251
226.9570007,0.00010648476211593504
228.6635132,0.00011122795877917796
230.1360931,0.00011606338401281821
230.969162,0.00012095151150316367
231.3834686,0.00012586599012186174
231.7962799,0.0001308068198689124
232.2076263,0.00013577400074431565
233.6360016,0.000140833410568953
233.6360016,0.00014589282039359036
234.0409241,0.00015097858096774355
234.6456909,0.00015610386823442562
235.0471344,0.00016125550662946032
235.247345,0.0001664203205886713
235.6467438,0.0001716114856762349
235.6467438,0.00017680265076379847
236.8368988,0.00018207286923641988
237.4275208,0.00018738261440157016
237.6237335,0.00019270553513089675
239.1819763,0.00019813385999479697
239.1819763,0.00020356218485869718
239.953537,0.00020904321197930258
240.1456451,0.00021453741466408432
240.7201691,0.00022007114404139493
241.1016541,0.00022563122454705815
241.1016541,0.00023119130505272137
241.4819336,0.0002367777366867372
242.42745969999999,0.00024243004576279773
243.7389069,0.0002481745837880924
244.2966614,0.00025395864850591594
244.8518829,0.0002597822399162684
245.0364075,0.00026561900689079716
245.954834,0.0002715216513073706
246.8664703,0.0002774901735448256
247.229248,0.0002834850469106332
247.5909576,0.00028950627140479336
248.131546,0.00029556702259148245
248.3112183,0.00030164094934234784
248.3112183,0.0003077148760932132
248.6697998,0.00031381515397243116
250.975708,0.00032008671380710427
251.1513367,0.0003263714492059537
251.6767578,0.000332695711297332
253.067276,0.00033912537752328397
256.6464844,0.00034583173021810143
256.6464844,0.0003525380829129189
257.3170166,0.00035929713786444156
257.3170166,0.0003660561928159642
257.4841003,0.00037282842371049997
257.6509705,0.00037961382979037525
258.6477051,0.00038647828925530834
259.1431885,0.0003933822750339335
259.9648438,0.000400352139012277
260.12854,0.00040733517817596
260.12854,0.000414318217339643
260.2920227,0.0004213144324463391
260.9440002,0.00042836334980974033
261.4308167,0.00043545179348683375
261.5927124,0.00044255341310694025
262.2382202,0.00044970773422607836
262.8805542,0.0004569147576019217
262.8805542,0.000464121780977765
262.8805542,0.0004713288043536084
263.0406494,0.00047854900367246477
263.3602905,0.0004857955541196738
264.6310425,0.0004931475090802932
264.789032,0.0005005126392262521
265.8897095,0.0005079699979426084
266.0462036,0.0005154405326019778
266.5145874,0.0005229505935750392
266.8259277,0.0005304870056764532
266.9813538,0.0005380365937208804
267.1365662,0.000545599356950647
267.2915955,0.0005531752961234268
267.2915955,0.0005607512352962065
267.4464722,0.0005683403496543258
268.2181091,0.0005759953422121633
268.985321,0.0005837162122120455
269.7481995,0.0005915029596539725
270.3553772,0.0005993424093526048
270.657959,0.0006072082101795896
270.8089905,0.0006150871869495874
270.9598694,0.0006229793389049248
270.9598694,0.0006308714908602622
271.2611084,0.0006387899939439522
271.4114685,0.0006467216729706553
272.7573242,0.0006547719316961082
273.2030334,0.0006628617167352534
273.4993286,0.0006709778529027511
273.7950134,0.0006791203401986015
273.9425964,0.0006872760034374648
274.5314331,0.0006954843681753599
274.5314331,0.0007036927329132549
274.9713745,0.0007119406247225157
275.1177063,0.0007202016917171159
275.4099121,0.0007284891098400688
275.5557861,0.0007367897039060348
276.5726318,0.000745182526542398
276.7172852,0.0007535885251217743
277.006134,0.0007620208748295033
277.1503296,0.0007704663997225717
277.4382629,0.0007789382757439928
279.4373779,0.0007875946096638821
279.7206421,0.0007962772947121239
280.5669861,0.00080503903238775
280.8479919,0.0008138271211917287
281.5480042,0.0008226810881954257
282.9377136,0.0008316668108408856
283.3519592,0.0008406920598000378
284.9970093,0.0008498754155293056
285.405304,0.0008590982975722654
286.3535156,0.0008684134081856225
286.8925171,0.0008777812210556849
287.2954712,0.000887188560997113
287.5634766,0.0008966222520668936
287.8309631,0.000906082294265027
288.4975586,0.0009156082139052049
288.6304932,0.0009251473094883959
289.0286255,0.0009347259313852791
289.0286255,0.0009443045532821622
289.1610718,0.000953896350364385
290.4790649,0.0009636199030883708
291.1335754,0.0009734093340120747
291.3945618,0.0009832251160641313
291.7851868,0.00099308042442988
292.4338989,0.0010030016102376734
292.5632935,0.00101293597198848
292.5632935,0.0010228703337392864
292.5632935,0.001032804695490093
292.8217468,0.001042765408369252
293.2085571,0.0010527656475621033
293.4658508,0.0010627922378833071
293.8509827,0.0010728583552758767
294.362915,0.0010829771749251513
294.4906311,0.0010931091697597656
295.1275024,0.0011033070420364247
295.1275024,0.0011135049143130835
296.2669983,0.0011238213670461661
296.3930664,0.001134150994964588
296.8963013,0.0011445333251397152
296.8963013,0.0011549156553148424
297.6479492,0.0011653770388750273
297.7728271,0.001175851597620552
298.2714233,0.0011863788586227815
298.2714233,0.0011969061196250113
299.5106201,0.001207565136269004
299.6339722,0.001218237328098336
300.4946289,0.0012290017492557392
302.2013245,0.001239950627553937
303.1679993,0.0012510049103655453
303.4086914,0.001262085544305506
303.5289307,0.00127317935418848
303.769043,0.0012842995151998062
304.2481689,0.001295472378467838
304.3677368,0.001306658416921209
305.9133606,0.0013180157373300354
306.1497803,0.0013293994088672142
306.2678528,0.0013407962563474062
306.621521,0.0013522326301412904
306.621521,0.0013636690039351745
307.209137,0.0013751712551711033
308.3776855,0.001386805262048795
309.3061829,0.0013985446734398972
309.7683716,0.0014103367870877048
309.9989319,0.0014221552518638649
310.2291565,0.0014340000677683774
310.4590454,0.0014458712348012425
310.5738525,0.0014577555770194474
311.2609558,0.0014697189726227099
311.7173462,0.0014817350704826777
311.7173462,0.0014937511683426454
311.8312378,0.0015057804421456263
312.0587769,0.0015178360663192863
312.3994446,0.0015299312175643118
312.8525391,0.0015420790710660424
312.8525391,0.0015542269245677732
314.651886,0.0015665855863386514
314.986969,0.001578983775180895
317.5326538,0.0015916850016203569
317.8616943,0.0016044257551311844
317.8616943,0.0016171665086420117
318.6268311,0.0016299994907232366
318.7358398,0.0016428456487474746
318.7358398,0.0016556918067717125
318.9536438,0.0016685643151666293
319.1711426,0.0016814631739322254
320.038147,0.0016944674372112317
321.6512756,0.001707669333574046
322.2920227,0.0017209502840795914
322.5050354,0.0017342575849558159
322.8240356,0.0017476044136610796
323.2483826,0.0017610039446230488
324.4096375,0.0017745484064121202
324.619873,0.0017881192185718708
325.0395508,0.0018017427329883263
325.1443176,0.0018153794233477952
325.1443176,0.001829016113707264
326.3960876,0.0018428109108368485
326.3960876,0.001856605707966433
326.7075195,0.0018704400314097094
327.1218567,0.0018843270571096912
327.3286438,0.001898240433180352
328.1531677,0.0019122592137644232
329.178009,0.001926409750747931
329.789856,0.001940639340358823
331.3096313,0.0019550665630535227
331.5112305,0.0019695201376342484
332.0141296,0.0019840395888993455
332.2148743,0.0019985853920504687
332.315155,0.002013144369629258
332.4153748,0.0020277165231510604
332.4153748,0.0020422886766728625
333.4142151,0.0020569925865941015
333.5137634,0.002071709670943006
334.7038269,0.0020865848620620266
334.9013672,0.0021014864050670733
335.2957153,0.002116440650328825
335.2957153,0.0021313948955905765
335.4925232,0.0021463754912230074
335.6891479,0.0021613824387414645
336.1796265,0.0021764552629442925
336.2775574,0.002191541263090134
336.2775574,0.0022066272632359748
336.2775574,0.002221713263381816
336.6686707,0.0022368519657843624
336.8639221,0.002252017018557588
336.9614258,0.0022671952472738265
336.9614258,0.002282373475990065
337.3509827,0.002297604406963009
338.0305481,0.00231292756650635
338.2242126,0.002328277077935717
339.4776001,0.0023437978705628656
339.8614197,0.0023593713654467196
339.8614197,0.0023749448603305736
340.5310059,0.002390610583784825
342.5241394,0.0024065529944656155
342.8069763,0.002422534931460098
344.9601135,0.0024388199060517987
345.2389832,0.0024551444069571913
345.4246216,0.0024714952597486104
345.6101074,0.0024878724629107084
345.7027588,0.002504262842015819
345.8879089,0.0025206795714916093
346.9028015,0.0025372412333098493
347.4538879,0.002553881947755473
347.9117737,0.0025705885404008156
348.3684692,0.0025873610097305287
348.4596558,0.0026041466550032555
348.5508118,0.002620945476218995
348.9149475,0.00263779699969144
349.3690186,0.002654714401363603
349.6408997,0.002671671329349458
350.0027466,0.0026886809595920184
350.2736511,0.002705730116148271
350.6341858,0.0027228319749612287
351.0838318,0.0027399997119739047
351.7114258,0.002757259677556978
351.9797058,0.0027745591694537434
352.5150452,0.0027919377139778933
353.1375427,0.002809408488587787
353.4922791,0.0028269319639390397
353.846283,0.002844508141546997
354.1113586,0.0028621238469839936
354.3760071,0.0028797790787346822
355.1676025,0.0028975528909417946
356.3048706,0.0029154979843466883
356.6533203,0.0029334957800082875
356.827301,0.002951519927555913
356.9142151,0.0029695572495312037
357.8676147,0.0029877395023335976
358.0404053,0.0030059481070220176
358.2130432,0.0030241830620811165
358.4716797,0.0030424575449692543
359.4168396,0.003060876958684495
359.7593079,0.003079349074656441
359.8448181,0.003097834365056053
360.0157471,0.0031163460073416905
360.1011353,0.003134870825570342
360.8678589,0.003153514222740069
361.20758060000003,0.0031722103221665018
361.5466614,0.0031909591238496395
361.7159424,0.0032097342774188038
361.8851013,0.0032285357813586464
362.3072815,0.003247403163498208
363.3164978,0.0032664286524078847
363.3164978,0.003285454141317562
363.4003296,0.003304492804654905
363.6516418,0.0033235709958212866
363.6516418,0.003342649186987669
363.9026184,0.0033617669044677433
363.9026184,0.0033808846219478173
364.2366943,0.0034000550416845967
364.4035034,0.0034192518117920553
365.56695560000003,0.0034386330405556556
366.1459045,0.003458106497889653
366.2284546,0.0034775931296513168
366.5583191,0.0034971324636696856
367.4624023,0.003516816730030504
367.9536743,0.0035365800490187063
368.6066284,0.0035564487725203192
369.0948486,0.003576396548649317
370.1482544,0.0035965156074914428
370.7130127,0.003616726894903966
370.874054,0.0036369645342025155
371.6771545,0.0036573339283851544
371.9974365,0.0036777560248244983
371.9974365,0.0036981781212638426
373.9075928,0.0037189164312434178
375.2489014,0.0037398787246774798
375.4846191,0.003760880544425234
376.1899719,0.003782000944629412
376.1899719,0.0038031213448335892
376.4244995,0.0038242812713514592
376.5806885,0.003845467549755355
376.9706116,0.003866719704843622
377.2041931,0.0038880113877609286
377.5151367,0.003909355771419593
377.825592,0.003930752857334963
377.9806519,0.003952176295136359
379.1393738,0.003973797366021562
379.1393738,0.003995418436906766
379.8312378,0.004017158088248393
380.9024963,0.004039082196730814
380.9024963,0.004061006305213236
381.9677429,0.004083114870836452
381.9677429,0.004105223436459669
382.3467712,0.004127397880282603
383.0270996,0.004149690904561961
383.3287048,0.004172036631098025
383.6298218,0.004194435059890793
383.9304504,0.00421688618942492
384.4554749,0.004239429549044791
384.6052246,0.004261999259035341
384.7548218,0.004284595320911917
384.7548218,0.004307191382788493
385.0537415,0.004329840146921775
385.4266968,0.004352554787739427
385.9476624,0.004375361657127477
386.2446899,0.004398221228772232
386.5412903,0.0044211335026736924
386.7634583,0.004444085304404192
387.3546143,0.0044671425091327545
387.4283752,0.004490212889804331
387.5758362,0.004513309622361933
387.6495056,0.004536419529347201
387.9439697,0.004559582138589174
388.0910339,0.004582771099717174
388.3847961,0.004606012763101878
388.8978577,0.00462934665505698
388.9710388,0.004652693722955095
389.628479,0.004676159369794286
389.84710689999997,0.004699664544462517
389.9199524,0.004723182893558414
390.0655212,0.004746727594540336
390.3563538,0.004770324997778965
390.5015869,0.004793948751388271
390.6467285,0.004817598856883604
391.1538696,0.004841341190949335
391.3708191,0.004865123051328758
391.8039856,0.004888983964335564
392.0922546,0.0049128975795990765
392.4519653,0.004936877073062307
392.5956726,0.004960882918411564
392.8110352,0.004984928290074512
393.5271912,0.00500910541662155
393.670105,0.005033308895054614
394.8097229,0.005057723180999152
394.9517212,0.005082163818829716
395.5186768,0.005106709861173691
395.7308655,0.005131295429831357
395.8721924,0.00515590735037505
395.8721924,0.005180519270918743
395.8721924,0.005205131191462435
396.1545715,0.005229795812747486
396.2955933,0.005254486785918563
396.506958,0.005279217285403332
396.5773621,0.005303960960831114
396.6477356,0.005328717812201909
398.0500793,0.0053537381733408836
398.3293457,0.005378811236736563
398.3991089,0.005403897476075256
398.6779175,0.005429036417670653
399.0258484,0.00545424123746577
399.303772,0.0054794987595175905
399.4425964,0.00550478263194009
399.5812988,0.005530092856248617
400.0660706,0.00555549530912754
400.2043457,0.005580924112377143
401.2384949,0.0056065505502259005
401.7878418,0.0056322823925880686
402.1988831,0.005658093287577621
402.4724426,0.005683956883308531
403.2228088,0.0057099654098665435
403.3589478,0.005736000288310583
404.3770142,0.005762232801353777
404.4447021,0.005788478488824637
404.7152405,0.005814776877036854
404.9854126,0.005841127969021124
405.5246582,0.005867584465518805
405.59198,0.005894054136444151
406.665863,0.005920734616396319
407.2006836,0.005947520500861897
408.2661438,0.005974517194354295
408.3989258,0.00600154023973272
408.5316467,0.006028589636997171
408.7305298,0.006055678560575314
408.9292297,0.006082807010467149
409.3260498,0.006110014512986368
409.5242004,0.006137261541819279
410.1174011,0.006164627149593267
410.2490234,0.006192019109253282
410.3805237,0.006219437420799322
410.9057312,0.006246961136858772
411.1678162,0.006274537553659581
411.6257019,0.006302206200546134
411.6910095,0.0063298880218603535
411.6910095,0.006357569843174572
413.2526855,0.006385567878029023
413.6412659,0.006413644965510857
414.0291138,0.00644180110865077
414.0291138,0.006469957251790683
414.2872925,0.006498166095671954
414.3517761,0.006526388113980891
414.5451355,0.00655464965860352
415.5733032,0.006583122012252971
415.6373901,0.00661160754336078
416.9151001,0.006640356584236769
417.5510254,0.006669237381512195
418.8802185,0.0066983948660141596
419.3843689,0.006727657755029535
419.3843689,0.00675692064404491
420.0128479,0.006786315286429027
420.5768738,0.006815828510784916
420.6394348,0.00684535490956847
421.388916,0.006875039413606792
421.388916,0.006904723917645114
421.388916,0.006934408421683437
422.1978455,0.006964264208434889
422.5701599,0.006994199047813724
423.1273804,0.00702425246916433
423.2510071,0.0070543322393702675
423.2510071,0.007084412009576206
423.2510071,0.007114491779782144
423.3128052,0.0071445847274464415
423.5597839,0.007174730375852098
424.2374878,0.007205020955084857
425.4029846,0.007235561869658128
425.4641418,0.007266115961689761
425.5252991,0.007296683228149059
426.6229553,0.007327487655521203
426.6837769,0.007358305257321014
426.6837769,0.0073891228591208245
428.0173645,0.007420230322574841
428.0777588,0.007451350963487217
428.3192749,0.007482524305140951
428.5002441,0.007513737173108377
428.8014832,0.0075450159192755216
428.8616943,0.007576307839870332
429.1624451,0.007607665638664861
429.2826233,0.007639049789345416
429.3426819,0.007670447114453636
429.3426819,0.007701844439561858
429.5827637,0.0077332944684421305
430.1818237,0.007764876250691146
431.9690552,0.007796853302138472
432.2655029,0.00782889622875482
432.5615234,0.007861005033570888
432.6798096,0.007893140190272981
432.7389526,0.007925288521402741
433.6239014,0.007957634487131656
433.9768677,0.007990059505487954
434.6810913,0.008022642629099023
434.856781,0.008055265282054476
435.2077637,0.008087966987637314
435.324646,0.008120695045106178
435.6165161,0.008153488977744067
435.7331543,0.008186309262267981
435.7331543,0.008219129546791895
436.3735962,0.008252094762142911
436.4317322,0.008285073154952288
436.4317322,0.008318051547761666
437.5332642,0.008351280275911555
438.1107788,0.008384640757430187
438.168457,0.00841801441640718
438.5717163,0.008451480302439222
438.7443237,0.008484985714784957
439.5479736,0.008518675584271487
440.9188843,0.008552681667298247
441.2034302,0.008586753628524726
441.2034302,0.008620825589751205
441.3171387,0.00865492390286371
441.4307861,0.008689048567862241
443.4103394,0.008723634377228106
444.4215393,0.008758457344476124
444.6456299,0.008793333015496193
445.0372314,0.008828300913571313
445.4839478,0.008863374216159844
445.7069702,0.008898500222520428
445.8183899,0.008933652577736342
446.1523438,0.008968883988610335
446.874176,0.009004286679166763
447.7594299,0.009039900178750011
448.2007141,0.00907561908284667
448.3109131,0.009111364338829355
448.8060913,0.009147228173753118
449.6289978,0.009183289643276034
450.6125183,0.009219588273711797
450.8849487,0.009255952779316585
451.5917664,0.0092924885676345
451.5917664,0.009329024355952417
452.1880798,0.009365705075097435
452.6748352,0.009402504376214224
453.1066284,0.009439409081844425
453.160553,0.009476326961902289
453.4299316,0.009513310720159873
453.8602905,0.009550399882930867
454.2361755,0.009587581272756912
454.7720947,0.009624894418982392
456.6378784,0.009662668709575207
458.2250977,0.009700838266335637
459.0671387,0.00973921863212289
459.1196594,0.009777612172337805
459.5394287,0.009816111117066133
460.0630493,0.009854741818193897
460.2199097,0.009893412045635354
460.7420044,0.009932214029476246
461.2108765,0.009971134592258214
462.1976013,0.010010305490380697
462.3012085,0.010049502740389205
462.3529968,0.010088713164825378
462.5600586,0.010127976293033605
463.23172,0.010167410700924267
463.3348694,0.010206871460700952
463.3864441,0.010246345394905305
463.6440735,0.010285885207309378
464.6204834,0.010325675355053961
466.052002,0.010365834420110829
467.3227234,0.010406322873135594
467.5760498,0.010446877204360078
468.031311,0.010487550114525637
468.1828918,0.010528262551004888
468.1828918,0.01056897498748414
468.3343506,0.010609726950277083
468.6369934,0.01065055796569741
470.2945557,0.010691823776629741
471.2934875,0.01073335309733025
472.4866638,0.01077519863157099
472.7344666,0.010817110044011449
472.8830261,0.010859060982765598
473.0809631,0.010901064622261107
473.3775635,0.010943147317414694
473.6244507,0.010985295887737305
474.3635864,0.01102764209265907
475.0513611,0.01107017275472163
475.1494446,0.011112729768670218
475.2474976,0.01115531313450483
475.8349304,0.011198054605594211
475.9327087,0.011240822428569618
476.0792847,0.011283629777858718
476.0792847,0.011326437127147818
476.0792847,0.011369244476436917
476.5184631,0.011412170404667092
476.6646729,0.011455135859210961
477.0541687,0.011498206718268239
477.3944397,0.011541369807411262
477.5401001,0.011584572422867976
477.7342224,0.01162782773906605
478.5574036,0.011671307041749304
479.5222168,0.011715049854200738
479.9551392,0.011758911245593246
480.1472778,0.011802825340757809
480.2433167,0.011846765787808395
480.6749268,0.01189082481380006
481.3925781,0.011935081471360185
481.5835876,0.011979390832692362
481.7267456,0.01202373972033823
481.7267456,0.0120680886079841
482.3460999,0.012112608778343099
482.4888,0.012157168475015788
482.6789551,0.012201780872429836
482.8689575,0.012246445973615936
484.1002808,0.012291453637197601
484.1947327,0.01233648765266529
484.3835449,0.012381574371905032
484.3835449,0.012426661091144774
484.4307251,0.012471760984812182
485.6541443,0.012517203443905847
485.7480164,0.012562672251854845
486.3571777,0.012608312342516971
486.6845703,0.01265404466326484
487.5709839,0.012700027319353225
488.0827026,0.01274615490626871
489.4728699,0.012792677759351811
489.6114502,0.012839240138748605
489.7961121,0.012885855218886756
491.6808472,0.01293301049905032
492.321106,0.012980350236354679
492.4580994,0.01302772949997273
493.005249,0.013075266868845548
493.2329102,0.013122870115918086
493.414856,0.013170526066762675
494.1413269,0.013218392826634087
496.1282043,0.013266839309813906
496.1731873,0.013315298967421393
496.7570801,0.013363929907742008
497.0260925,0.013412639900690007
498.3222961,0.013461731985377956
498.4560242,0.013510863596379596
498.7677307,0.013560087437466983
498.8566895,0.0136093376274097
499.3899536,0.01365874592563788
499.8777771,0.013708299154693163
500.2761841,0.013757970962689521
500.364624,0.013807669122571907
501.6436768,0.013857749371163547
502.0392761,0.013907948201726958
502.3026733,0.013958226084917754
503.309845,0.014008807007221114
503.3535461,0.014059401103952141
504.6174927,0.014110377289392422
504.8347473,0.014161419356063116
504.9650269,0.014212500949047503
505.3121338,0.014263687943514606
505.8751221,0.014315046220694837
506.4800415,0.014366588958046557
507.1265564,0.014418329326966737
507.4706726,0.014470175097369635
508.6287231,0.01452237661065715
509.0135498,0.01457469670288574
510.0369568,0.014627333011685256
510.0794983,0.014679982491881745
511.5643921,0.014733093116445566
511.8603516,0.014786295971095133
512.4090576,0.014839670108457827
512.8303223,0.01489317600221996
513.5029297,0.01494689270500891
514.0481567,0.015000780690510992
515.2185669,0.015055037590294662
515.3436279,0.015109334016392025
515.552002,0.01516369631765841
515.6768799,0.015218098145238489
515.8017578,0.01527253949913226
516.4666748,0.015327191662052852
517.3781128,0.015382133686627648
517.8326416,0.015437220645060241
518.4099731,0.015492492057602935
518.4923706,0.01554778982506235
519.3557129,0.015603364276717609
519.8067627,0.015659083662230663
520.788269,0.015715119258253255
521.8880005,0.015771510597160466
522.4158325,0.015828073218780804
522.4564209,0.015884649011798115
522.6591187,0.01594129068604584
522.699646,0.015997945531690535
523.0640869,0.016054718956276307
523.2662964,0.016111558262092488
523.7106934,0.016168542495705082
525.2399902,0.016226027399998698
525.6409912,0.016283644060691754
525.8012085,0.01634131342515686
526.1613159,0.016399101368563044
527.1591187,0.016457218699937125
527.5969849,0.016515480965169003
527.6367188,0.016573756407859238
528.7081909,0.016632387587372705
528.8665771,0.016691071470658222
528.9457397,0.016749781702799074
529.0643921,0.016808531461253617
530.2088623,0.01686766331144811
530.24823,0.01692680833910096
531.2307739,0.01698628275472171
531.2700195,0.017045770341739434
531.9359741,0.017105481915242336
532.2097168,0.017165285718830983
533.7684937,0.017225616541955986
533.8461914,0.01728597371999771
534.8155518,0.017346660286007336
535.2409668,0.017407491779813364
537.7410278,0.01746917968718504
538.9633789,0.017531289212610355
539.4963989,0.01759358319214577
539.9904175,0.017656048454394314
540.369812,0.017718645473042294
540.369812,0.017781242491690278
540.786499,0.017843984444196055
541.0135498,0.017906805449329218
541.0513306,0.01796963962585935
542.2587891,0.018032895420443125
542.3341064,0.01809617756994362
542.7102051,0.018159591469782167
542.8980713,0.01822307125085112
542.9732056,0.018286577380775413
543.2359009,0.018350175740785443
543.7606201,0.018413958560966965
544.5084229,0.018478004887885972
545.2913818,0.018542327905062213
546.850647,0.01860720429063014
547.1835938,0.018672199261200537
547.1835938,0.01873719423177093
547.6269531,0.01880234730759609
550.6008301,0.01886856759995233
550.9293213,0.018934906471249645
551.3666382,0.019001403453863117
551.6213989,0.019067992660500948
551.7305298,0.019134621393452466
552.2391968,0.019201434586575476
553.5429688,0.019268722101524176
553.8679199,0.019336128195413957
554.732666,0.019403850499813274
554.732666,0.01947157280421259
554.8405762,0.019539334634925597
554.9124756,0.019607122820555326
559.0873413,0.019676452544541825
560.2536621,0.019746217057978938
560.711792,0.019816152854129177
561.9064331,0.019886536623249778
562.3268433,0.01995707849762515
564.1067505,0.020028292325394676
565.8408813,0.020100164929099995
565.8754272,0.020172050710263675
566.56604,0.02024419999816484
569.1750488,0.020317350627428055
569.2775879,0.020390540783004965
569.6530762,0.02046387587243967
569.8236084,0.0205372768370434
573.0443726,0.020611929478349694
573.3139038,0.02068668752720009
574.8590698,0.020762051648214232
575.3276978,0.02083760022939986
575.762146,0.02091332009329862
576.3959351,0.02098929029253789
577.2942505,0.02106561622860039
577.427063,0.021141994868434943
577.7920532,0.021218518442127292
578.1566162,0.02129518694361605
578.4214478,0.021371960852648912
579.1154785,0.02144901144587762
579.5772095,0.02152624649321643
579.7419434,0.02160354742178565
580.1369629,0.021681006455609636
580.3013916,0.021758531370664035
581.0892944,0.021836372496227975
581.1876221,0.021914253148105606
581.4169922,0.02199222603006898
582.1038818,0.022070475596228198
582.4304199,0.022148856918786854
582.4956665,0.022227264590200843
582.5609131,0.02230569861653155
583.0498047,0.02238433027443072
583.4728394,0.022463133215043018
583.5053711,0.022541949333113674
583.635376,0.022620818148894998
583.7003784,0.02269971331959304
583.7328491,0.022778621661688054
584.1549072,0.022857701286496196
584.381958,0.022936873141390084
584.6087646,0.023016137226369714
584.6735229,0.023095427660204677
584.8354492,0.023174783975270053
585.3204956,0.02325433792190389
586.7067261,0.023334458414387776
588.1183472,0.02341515863624146
588.4382324,0.023495990608433194
588.5021973,0.023576848935541645
589.0131836,0.02365791807167692
589.7143555,0.0237392770694664
590.2868042,0.023820873225138033
590.8581543,0.023902706538691816
591.7130737,0.02398489559513022
592.7546387,0.024067519441019234
593.4470215,0.024150433148562453
593.6669922,0.02423343908619142
594.8894653,0.02431695887195977
595.2333984,0.02440062359158592
595.9200439,0.024484578172866273
597.0401611,0.02456900706991093
597.5056763,0.024653633598524047
597.7226563,0.024738352357222913
598.8051758,0.02482353226028911
599.9761353,0.024909212834036333
600.6826172,0.02499519644689612
601.571106,0.02508156215149586
602.3348999,0.025168257244063495
603.522583,0.025255466184770516
603.9174194,0.025342846408190664
604.0084839,0.025430266157924507
604.4633179,0.025517883539226807
604.5238647,0.025605527269384445
604.7963867,0.025693289578483155
605.6728516,0.025781433979321814
605.7331543,0.025869604735077194
607.9876709,0.025958763654736268
609.7495117,0.02604869992927221
610.7008667,0.026139057821861794
612.8306274,0.026230364358102765
612.9190674,0.02632171042065743
612.9779663,0.026413082832067426
613.1252441,0.026504521118646446
613.1252441,0.02659595940522547
613.2724609,0.026687463573034902
613.3018799,0.026778980912241308
613.3901978,0.02687053778382279
613.5666504,0.02696217370803166
613.9487305,0.02705398091495366
614.4475708,0.02714601210229945
614.7992554,0.02723820139490001
615.0335083,0.027330496095044673
616.9880981,0.02742367355761031
619.4213257,0.02751795776302072
620.0842285,0.02761254500754369
620.6595459,0.027707395764865538
621.8928223,0.027802813068037432
621.8928223,0.027898230371209327
622.6647339,0.02799400341726584
622.7503662,0.028089815989636047
623.5201416,0.02818598429882948
623.5770874,0.028282178956878245
623.8901367,0.028378518548784808
624.6287231,0.02847520070611763
624.6287231,0.02857188286345045
625.2806396,0.028668868059895835
625.59198,0.02876599818413763
626.6086426,0.028863602630205116
626.6932373,0.028961246602586296
628.5200806,0.02905974698247173
629.4434814,0.029158682157869167
630.0297241,0.029257894017462448
632.3361206,0.029358199448503527
632.5298462,0.02945859710963035
632.9169922,0.029559179224867272
632.9998779,0.029659800866417885
633.9103394,0.029760857303480503
634.7632446,0.0298623221811384
635.010376,0.029963905637737376
635.4493408,0.03006569990336317
635.9151001,0.030167718161535535
637.5261841,0.030270513768523383
637.6895752,0.030373388428138613
638.4509277,0.030476632008096822
638.6681519,0.030579980995599134
639.9411621,0.03068394922666216
639.9411621,0.03078791745772519
640.1843872,0.030892004273790682
640.1843872,0.03099609108985617
640.3734131,0.03110027013600741
642.2844238,0.031205384636228895
642.4185791,0.03131056502374219
643.0081787,0.03141603526684829
643.8371582,0.03152191395054967
646.0196533,0.031628873028240495
646.0726929,0.03173585846084804
646.1522827,0.031842883425830665
646.3643188,0.03195001378623461
646.6556396,0.03205728908655775
646.6821289,0.03216457755221647
646.8144531,0.03227193190516699
647.1846924,0.03237947070616622
648.6877441,0.03248776051318699
649.5810547,0.03259649829317812
652.2461548,0.032706579979957566
652.7661743,0.03281692517953588
652.8181763,0.03292729672190814
652.8701172,0.033037694619197124
653.803772,0.033148566832250405
653.9591064,0.03325951811005385
654.0109253,0.03337049573065124
654.4506226,0.0334816973437952
654.8380737,0.033593096582446226
655.5858765,0.0337048779188986
656.0234985,0.03381688323577476
656.614563,0.033929191585702095
656.8199463,0.03404160534317354
656.9995117,0.03415411133073073
657.4864502,0.03426686765362843
659.1978149,0.034380506732885716
659.2996826,0.034494198521976445
659.935791,0.03460821969903507
660.5452881,0.034722557086603226
661.4321289,0.03483735561247733
661.5080566,0.03495219367072652
661.5839233,0.03506707126135079
661.6345215,0.035181975194769004
661.8619995,0.03529699771318968
662.3670654,0.03541228374440923
662.5688477,0.035527675171050106
663.3245239,0.035643461872950685
663.5760498,0.035759380325189306
665.8310547,0.03587648457896147
666.6790161,0.035994036805704
666.7288208,0.03611161537524047
667.1021729,0.03622939158240679
667.3259888,0.036347286362452796
668.2941284,0.03646569499063819
668.8884888,0.036584419829333116
669.3335571,0.03670338183803298
670.1973267,0.03682280498503878
670.6898804,0.03694249164484346
671.7709961,0.03706275802795655
671.8691406,0.0371830771087803
672.1142578,0.037303527952064874
672.1142578,0.03742397879534945
673.4838257,0.03754516746719721
673.8497314,0.03766655377667481
673.8741455,0.037787953251488
674.215271,0.03790953718647268
675.0422974,0.03803156909442772
675.50354,0.03815385133772327
675.8187866,0.038276304863731944
677.5836182,0.0383997201987276
678.7630615,0.03852378114432346
679.5551147,0.038648276873308546
680.225647,0.03877314152263661
680.8710327,0.0388983619148493
682.1105347,0.039024267425791716
682.9185791,0.039150620909704496
685.5197144,0.0392784237079497
687.0006714,0.03940705656484381
687.6333618,0.03953604516462255
688.0545654,0.03966527092228344
689.3615723,0.03979523450850751
692.6999512,0.039927095369911576
693.2071533,0.040059246099031234
693.8745728,0.04019177891382946
696.3718872,0.040325747865501735
697.2382813,0.040460217487855034
697.829895,0.040595029675634595
698.8513794,0.04073043476418092
701.8082886,0.04086756584519412
702.638916,0.041005184419429984
702.7285767,0.04114285570349929
702.7510376,0.04128054015290418
702.9750977,0.04141835636476989
703.131897,0.04155626480672135
703.534729,0.04169441040655496
703.6018066,0.04183259552664088
704.5620728,0.04197134720469962
706.0531006,0.042110981639117945
706.2973022,0.04225076100133268
707.5378418,0.04239127820423337
707.7810059,0.04253194033493047
708.4213257,0.04267298455130614
709.2805786,0.04281454261582118
709.8961792,0.042956469600679205
709.9620361,0.043098436105789534
710.4449463,0.04324069247861546
710.7518921,0.043383133311612865
710.817627,0.04352561366486258
711.4524536,0.043668476103790856
711.8458862,0.043811575712724066
712.2607422,0.04395492565699778
713.8067627,0.04409921105534175
714.2844238,0.044243786321401316
714.5446777,0.04438851969271564
716.8787842,0.04453467602344567
717.0079956,0.04468091140680308
717.0941162,0.04482719948787115
717.5244141,0.044973751081738095
717.6964111,0.04512040808314915
718.5551147,0.04526759211015794
718.5551147,0.04541477613716674
718.6837158,0.04556203921680292
718.7908325,0.045709368171608124
719.4544678,0.04585710556700861
720.6928101,0.046005607145889
721.3742065,0.046154530342823026
721.7994385,0.046303717052555926
722.8815308,0.046453575715682975
723.8336182,0.046604027279576805
724.3192749,0.0467547818765218
724.340332,0.046905549650925166
725.3096313,0.04705692350355366
726.3812866,0.047208969309576305
726.4442139,0.04736105463585125
727.0939941,0.04751354840272149
727.2614746,0.047666147577135824
727.909729,0.04781915519214544
727.930603,0.04797217598461342
729.1195679,0.04812594778310294
729.2861328,0.048279824989136556
730.0969849,0.04843421603118679
730.8024292,0.048589055046207384
731.2374878,0.04874417075148521
732.9312744,0.04890036685075247
733.1578979,0.04905670787781614
733.713501,0.04921340464776443
734.4120483,0.0493705493785603
734.5351563,0.04952777317410634
735.1707153,0.04968540541024765
735.5187378,0.04984326162681276
735.7233276,0.050001249593715914
737.3355103,0.050160278434356206
738.3928223,0.05031999240584901
739.6091309,0.050480496903615654
741.3656006,0.050642147682663535
743.0136108,0.050804878855700855
743.1739502,0.0509677154241595
743.7147827,0.051130907735502766
744.0148926,0.051294297684475874
744.6343384,0.05145809607404427
745.5914307,0.05162252688463174
745.8303223,0.05178711580047397
746.1486206,0.05195191553140442
748.5271606,0.05211829632700533
749.6911011,0.0522854544835445
750.0258179,0.052452836620507454
751.1655273,0.052620982940950314
751.4989014,0.052789353241816966
753.2394409,0.0529588961667588
754.1748657,0.05312907151271971
754.6611328,0.05329957624664851
756.0194092,0.05347100326931198
757.8356934,0.053643668803342426
758.7406006,0.053816953580933594
759.4706421,0.053990739029205786
760.0076294,0.054164893397820955
760.4099121,0.054339324444570576
761.4042358,0.05451444062217272
764.4094849,0.05469163853512635
764.788208,0.054869099960878846
765.2421875,0.055046877597140886
765.9221191,0.055225129561290005
766.0919189,0.05540350009831881
767.3724365,0.05558276658128835
767.4852295,0.05576211211688526
767.541626,0.055941497172734486
767.748291,0.056121027156380114
768.3112793,0.05630095241528544
768.5550537,0.056481048956903895
771.7838135,0.05666342485938091
772.0996704,0.05684602475440449
772.2667236,0.05702874322230776
772.5079956,0.05721163297292416
776.0534058,0.05739705243186242
776.2371826,0.057582603641138715
776.953064,0.057768668698554404
777.0080566,0.05795477328834517
777.3013306,0.05814108868110136
778.2712402,0.058328102382168436
778.472229,0.05851526101103192
779.2752075,0.058702999363203806
781.2209473,0.058892147497333035
782.3258667,0.059082099347317237
784.7781372,0.05927384306493733
786.6610107,0.05946697022172082
788.1073608,0.059661164595035385
789.477417,0.059856373487170364
789.6017456,0.06005167460939108
795.3308105,0.06025125777519447
796.3446045,0.060451605124477746
797.2687378,0.0606526507820719
798.1907349,0.06085439473585416
799.6130371,0.06105721909574863
800.0975952,0.061260412363863294
801.0820923,0.06146435665012228
803.9869385,0.06167052759952916
804.859436,0.06187737049020742
806.1220703,0.06208518836733101
806.1732178,0.06229304578895246
807.6693726,0.06250206265719073
807.7033081,0.06271110588034572
808.1781616,0.06292051799959812
810.0551758,0.06313139261064131
810.7631836,0.06334282060219897
811.0661621,0.06355448573951598
812.0075073,0.06376688871751897
812.3431396,0.06397955519619805
813.9671631,0.06419349970649642
814.3345947,0.06440773407238759
814.4514771,0.06462206066836453
816.7149048,0.06483817915622289
817.0964355,0.06505460066500966
817.2456665,0.0652711407587989
817.9246826,0.06548822104352148
818.8338013,0.06570602600359442
819.0484009,0.0659240022342577
819.4112549,0.06614226832051381
820.6130981,0.06636149622787968
822.4502563,0.06658219979237189
822.6956787,0.06680310100661672
826.0838013,0.06702674272002607
827.6220703,0.06725163611013799
827.6382446,0.06747654268983103
830.7136841,0.06770396578826479
830.8259888,0.06793148111678429
831.6591187,0.0681596815761563
832.1549683,0.0683882904761236
834.3076172,0.06861867807839121
834.6414795,0.06884934237091606
836.0692749,0.0690811924407289
837.9970093,0.06931464994225169
840.2453003,0.06954999154149612
841.0285645,0.06978599191667634
841.1537476,0.07002209771152344
842.2163696,0.07025909942806571
844.7371826,0.07049823557767014
845.1868286,0.07073775383719869
845.9609985,0.07097793087266302
849.4580078,0.07122109874263237
849.9793091,0.07146471459769486
850.7294922,0.07170897603911201
851.1116943,0.07195356688061984
852.3934937,0.07219926445891103
852.8046875,0.07244531776796408
853.1090088,0.07269163460193878
854.5213013,0.07293917675769931
855.9893799,0.07318799694507913
858.8204956,0.07343929413094737
860.2589722,0.07369185615885375
861.2003784,0.07394524825753183
862.3928223,0.0741996944074054
867.8508911,0.07445900232417005
870.7077026,0.07472087946950885
870.72229,0.07498276980442878
871.5683594,0.07524542431070584
872.9216309,0.07550930413876875
874.5168457,0.07577463329328683
877.1434326,0.07604236038154318
877.6036377,0.07631050909997594
878.0776978,0.0765790926139207
878.25,0.07684783423312022
880.9542847,0.07711906601614375
881.239502,0.07739056132408892
882.8900146,0.0776635849989939
883.0320435,0.07793674042423691
883.5144653,0.07821034381032752
883.6137695,0.07848403942650387
883.741333,0.07875785362768267
883.9539185,0.07903186545436855
883.9539185,0.07930587728105444
884.3504028,0.0795802580280833
888.5908203,0.07985860462030807
889.2772827,0.08013759679888749
889.3612671,0.08041666804221707
889.4452515,0.08069581832605127
889.7390137,0.08097524530014269
889.9766846,0.08125489625465791
891.789978,0.08153626003630442
892.4854126,0.08181828259388671
893.4849854,0.08210125378299762
893.9700928,0.08238468612253726
894.5100098,0.08266863232233905
895.9603882,0.08295396194918145
896.0982666,0.0832394233263619
896.1947632,0.0835249769336281
896.663147,0.08381097850174189
898.6826782,0.08409891687741075
900.7613525,0.08438885793580372
901.2523193,0.084679273309961
902.2325439,0.08497063733989244
903.1699219,0.08526291048110018
904.5115356,0.08555648798459838
908.767334,0.08585422898304511
910.1326294,0.08615331386403459
910.6001587,0.08645285989545279
911.4671021,0.08675326235255941
911.7069092,0.08705390195542541
911.7335205,0.08735456791320813
911.9732056,0.08765547104099577
912.2393188,0.08795663766945953
912.2659302,0.08825783065284
912.4787598,0.08855923445130867
912.7445679,0.08886090175045344
916.2788086,0.08916608690970097
916.331604,0.08947132477878196
917.5429688,0.08977777480431319
920.3614502,0.09008705755909469
923.4874268,0.09039950246746264
927.3782959,0.09071591319678096
928.9844971,0.09103397087806153
929.5614014,0.09135262146010888
930.3294678,0.09167206256843007
930.5980225,0.09199178036700849
930.6363525,0.09231153768583922
933.1477051,0.09263389058816082
934.7088013,0.09295786408752796
934.9495239,0.09328208792223562
939.0474854,0.09361059381264872
941.0269165,0.09394118142629053
941.8388062,0.09427262546562075
942.4748535,0.09460474144622236
945.1964111,0.09493974286590764
946.2114258,0.09527582469170516
947.1625977,0.0956129210242003
947.2859497,0.09595014913127904
949.881897,0.0962901572577746
949.9923096,0.09663028396927262
951.5965576,0.09697213667323751
951.7677002,0.09731417383737388
953.6581421,0.09765825322873223
954.3028564,0.09800303091627866
954.4365845,0.09834795354374429
956.1470337,0.09869473391401481
957.2477417,0.09904271325115449
958.8397827,0.09939243177034215
960.0303955,0.09974345467606584
967.3968506,0.10010262006302396
971.7891846,0.10046669992670662
974.9673462,0.10083436352566107
976.2119141,0.10120343690657284
978.1364746,0.10157469743038021
978.1480103,0.1019459711437687
978.2290039,0.10231733708724296
980.5948486,0.10269140400962941
982.0089111,0.10306709152906139
986.9093018,0.10344843136590386
988.2713623,0.10383135225529401
988.543335,0.10421458935519369
989.9912109,0.10459951292730793
991.6939087,0.10498642601681071
993.413208,0.10537535495437317
994.1306152,0.10576512712804291
996.5665894,0.10615777157546075
996.9454956,0.10655086398372618
997.7801514,0.10694494456801808
999.9991455,0.10734166025605316
1000.331177,0.10773877121934794
1002.770203,0.10813879397664312
1007.012878,0.10854391567083431
1009.332764,0.10895184376360459
1009.560913,0.10936004854663209
1018.091187,0.10977868832496543
1022.419739,0.11020269058936197
1023.615051,0.11062818167622045
1024.185303,0.1110543842246026
1032.279297,0.11149077150568674
1035.355591,0.11193107192213335
1037.200928,0.1123737307520659
1040.698242,0.11282088242854654
1041.362183,0.11326889050647004
1041.454102,0.11371701719364158
1042.443115,0.11416642191243238
1043.735352,0.11461749991385663
1045.115601,0.1150703697586712
1048.127197,0.11552716592842939
1049.556274,0.11598583303057362
1050.610352,0.11644588358400403
1052.902222,0.11690895130261061
1054.786133,0.1173745092335323
1057.297607,0.11784340054013971
1058.583496,0.11831400469812396
1064.165283,0.11879209253716133
1068.992065,0.1192767154742143
1070.665405,0.11976361778424861
1070.935791,0.1202508890146259
1071.379639,0.12073876628685999
1074.188477,0.12123049084353306
1074.399536,0.12172250523155341
1076.715332,0.1222177081038314
1078.145874,0.12271488732816233
1081.307983,0.12321645402786556
1082.79248,0.12372008926121639
1084.112793,0.12422556909628209
1087.146729,0.12473530460789096
1090.796875,0.12525019176622929
1092.227783,0.12576710793796286
1092.682373,0.12628466972029667
1093.830811,0.12680386526501158
1093.997437,0.12732329797973146
1096.526001,0.12784634080888538
1100.608032,0.12837524674629242
1104.433105,0.1289096863918619
1107.230469,0.12944819730229418
1107.58252,0.12998722207298863
1111.798828,0.13053242616244573
1113.828125,0.13108062108640783
1115.343018,0.131631055863099
1116.241211,0.13218282138124288
1117.634399,0.13273665543303434
1117.802734,0.13329073984441187
1117.953369,0.13384504823621315
1120.225098,0.13440274276202474
1122.03064,0.13496313824250297
1122.821533,0.13552471952451475
1125.047485,0.13608964742028448
1125.755493,0.13665564250833975
1126.855103,0.1372232977379384
1131.171509,0.13779750120664272
1131.845947,0.13837273234738023
1134.010864,0.1389512705816234
1134.5271,0.13953059931789488
1134.939819,0.14011056047518541
1134.965576,0.14069056120121937
1135.283447,0.14127104940835322
1138.09375,0.1418558591914448
1138.222046,0.142440866624289
1141.306885,0.14303064359393855
1145.979126,0.14362769345379856
1149.634399,0.14423047467157363
1152.583618,0.14483790686539713
1153.62439,0.1454469860111829
1156.064819,0.1460599387720788
1159.006226,0.14667758202927544
1159.030884,0.14729526480672436
1161.251709,0.14791650498877393
1161.686646,0.14853844344276604
1163.300415,0.14916297748024904
1163.725708,0.14978819664858453
1164.713989,0.15041501005904884
1165.317505,0.15104279848020405
1166.278687,0.15167214162323578
1167.75,0.1523038695104246
1168.626099,0.1529370203691519
1168.925903,0.1535706587089791
1170.964111,0.154207617283402
1172.27063,0.154846710290887
1173.300903,0.1554874897705866
1173.48584,0.15612857231970573
1180.986572,0.1567820266959313
1182.373901,0.15743778677580936
1185.942383,0.15809950224251743
1187.216187,0.15876335214228762
1188.573486,0.15942948141503915
1193.256836,0.16010351599902023
1193.816284,0.1607784992145299
1196.350952,0.1614577908164162
1202.514771,0.16214763607134744
1205.828125,0.16284319949461262
1213.100952,0.16355142462482264
1215.413574,0.1642637078303143
1215.818115,0.16497670249732965
1220.867188,0.16569861700651772
1222.395386,0.16642324565995356
1225.174683,0.16715282835885734
1228.931885,0.16788914375703823
1231.601563,0.16863026821227678
1234.898926,0.1693773611954353
1235.646118,0.17012581125071777
1236.023071,0.17087494643685272
1242.144775,0.17163526764856057
1246.249634,0.17240315163031728
1247.723389,0.1731737629459029
1257.299316,0.17396225351457736
1259.8573,0.17475556632989062
1260.442871,0.1755499858577417
1262.717285,0.17634871382046047
1265.329468,0.17715240896973722
1266.262207,0.17795788277282315
1275.038818,0.17878022124956366
1278.251587,0.17960879180339137
1279.260376,0.18043932547119976
1284.125977,0.18127937193043878
1284.501831,0.18212015623036373
1292.218384,0.18297618458265213
1294.217407,0.18383619201820872
1297.066406,0.18470189124293696
1302.146118,0.1855778015310383
1303.476685,0.18645639968120742
1310.031006,0.18734831824152048
1310.521118,0.1882412381431956
1311.744629,0.18913666144676694
1316.379883,0.19004161063436784
1321.369629,0.19095688949458986
1322.819946,0.19187518547149698
1325.749023,0.1927995949162433
1332.36731,0.19373791781737365
1334.863281,0.1946815240185893
1342.541626,0.19564150750953122
1345.07959,0.19660694566756276
1352.219116,0.1975878387180492
1352.334106,0.19856898207925172
1355.564941,0.19955717439854265
1357.400024,0.20054938527343114
1358.252686,0.20154346703183576
1359.445679,0.20254017070440242
1365.112793,0.2035493911922964
1371.428101,0.20457268312041202
1377.831543,0.2056103759375205
1378.11145,0.20664870117621628
1386.062866,0.2077051033171853
1388.886475,0.208767974560152
1389.752563,0.20983283539324385
1389.958862,0.21089817046936335
1397.623535,0.21198122671718364
1398.852173,0.21306714200067983
1416.59436,0.21419490287922002
1417.955688,0.2153259180935096
1423.511597,0.21647028009672659
1426.145386,0.21762100597623876
1429.72876,0.21878042766844052
1443.120728,0.21997273554458074
1446.684082,0.22117389741197024
1449.144775,0.22238119902918957
1453.611938,0.22359969986175238
1460.567749,0.22483577687855277
1465.053223,0.22608327713866447
1477.967529,0.22736405878523766
1482.534912,0.2286567511092463
1489.982056,0.22996902229926955
1492.411621,0.23128772311933982
1498.012085,0.23262132554738565
1504.76001,0.23397303116045304
1505.04834,0.23532551408596755
1512.958252,0.23669943366936097
1520.092041,0.2380928793610127
1522.703369,0.2394935189016126
1523.810303,0.24089721522500207
1528.956299,0.24231518063817636
1529.87439,0.2437357021151575
1531.499756,0.24516075595837075
1537.995117,0.24660401840646187
1546.443115,0.248071194534787
1553.36499,0.24955816027223596
1559.465942,0.2510627153831248
1559.643433,0.25256778430559534
1565.379395,0.2540895203006483
1566.250854,0.25561379916935867
1573.268433,0.2571586582454457
1573.581421,0.2587044396223902
1579.305542,0.2602671515727827
1579.735962,0.261831141554605
1580.033203,0.2633960143653342
1580.684692,0.2649628239108818
1582.676025,0.26653556246409704
1599.135254,0.268157880653185
1608.73999,0.26980960666154713
1619.71814,0.27149537827621906
1626.47522,0.2732023360438999
1638.076172,0.27494607994111114
1643.106445,0.27670593762737256
1657.737549,0.2785132271808218
1669.779419,0.2803601884729828
1688.508057,0.2822699969552854
1705.468628,0.28423793599529035
1710.852417,0.2862245710724031
1712.790527,0.28821796522833415
1725.793579,0.2902571049249011
1728.057983,0.2923042817307691
1737.031006,0.2943835146503721
1737.606812,0.29646481620060494
1748.620972,0.29858594737640487
1761.505615,0.30075431276982945
1785.408569,0.3030121533716524
1798.540039,0.3053201795540332
1802.760132,0.30764449079567563
1803.961792,0.30997345291695255
1805.970093,0.3123102019343649
1806.479004,0.3146489272551496
1826.651123,0.31706687715259496
1834.332764,0.31951546004638476
1837.610474,0.3219771921761422
1866.126953,0.3245553171229619
1887.669067,0.3272237604419294
1888.007568,0.32989363987333603
1891.659058,0.3325790401441561
1899.71167,0.3352988813213595
1904.485107,0.33803927632658787
1912.974976,0.3408164838406983
1914.866943,0.3436019391106156
1921.276245,0.346415458318022
1939.260864,0.34930872910382016
1948.562378,0.35224383239111634
1953.622559,0.3552018611108305
1959.862061,0.35818832249365473
1963.791138,0.361192781835798
1975.07666,0.3642493371139658
1999.55542,0.36742095461321644
2005.76062,0.3706221906739035
2008.722534,0.3738376299740202
2043.883301,0.37722489169328777
2064.701416,0.3807167145926869
2066.572021,0.38421803670676424
2067.199219,0.3877225475960459
2072.890625,0.39125608409807433
2095.006592,0.3949039315963858
2099.627441,0.3985759695625496
2118.196289,0.4023462970632037
2132.771729,0.4061949927875667
2150.3396,0.41013957987041566
2151.820557,0.4140923227691747
2161.348877,0.4180978073113512
2230.37915,0.42249946730232785
2240.022461,0.4269584674459608
2266.074463,0.4315748623520924
2288.699951,0.43633091824133413
2299.2229,0.4411528782010574
2319.544189,0.44610382683272787
2325.051758,0.4510901254814896
2332.25415,0.45612290731817706
2361.727051,0.4613489083716361
2363.749756,0.4665883488320371
2373.273438,0.47189137432402334
2375.656982,0.4772103948984507
2383.243652,0.48258053673764945
2402.600098,0.4880825918450163
2415.362305,0.4936727913715954
2423.85083,0.4993221360830446
2469.74707,0.5052985110281594
2472.39209,0.511294109012113
2518.896484,0.5176344322162352
2529.393066,0.5240543487235859
2538.664795,0.5305451231519747
2543.082031,0.537069838251728
2543.499756,0.543597767730369
2546.762207,0.5501508497394805
2559.663574,0.5568040259288826
2594.325195,0.5637311613563649
2612.540039,0.5708052302690494
2617.724854,0.577921500410747
2623.505615,0.5850850187349398
2646.645508,0.5924397665891755
2652.604736,0.5998443051122032
2662.595459,0.6073328240264714
2681.333008,0.6149805567022167
2687.193115,0.6226785409054786
2748.05249,0.630911491416982
2773.823242,0.6393782419946767
2795.18335,0.6480420992245977
2831.48877,0.6570479537591541
2865.395752,0.6663812334391421
2884.464844,0.6759020937899656
2897.816406,0.6855557770983384
2973.264648,0.6959832993468333
3046.177734,0.7071969276111584
3069.782471,0.7186732628506536
3110.297607,0.730610017657495
3314.091797,0.7450502441896611
3463.520996,0.7615331551145366
3465.296631,0.7780414288299747
3713.167725,0.7983516256846499
4217.981934,0.8281227075356302
4797.040527,0.8719152855105643
4891.895996,0.9183574113751457
5903.987793,1.0
