Throat EqRadius,Cumulative Frequency of Pore Throat ChannelLength
15.65537262,0.00034298805171753457
15.65537453,0.0005266260555288928
15.65543556,0.000981806919642741
15.65549946,0.0010976750004627626
15.65561199,0.0013439955095080713
15.65604115,0.0015512970025497435
15.67734623,0.0016606783124609203
17.32736969,0.0022371056672722284
17.32844734,0.0024967538754655447
17.32849503,0.0026539442547546975
17.32854462,0.0028311258393239882
17.32898521,0.003042875218521071
17.76817513,0.0031850983374100395
17.7685051,0.003307651330007207
18.22212219,0.0035719829519618536
19.64732742,0.004009269042723261
19.65456963,0.004245380478487697
19.65476418,0.004485510383037837
19.65593529,0.004953578292904883
20.4418354,0.005344883698405127
20.52555275,0.005780548420249666
21.14358711,0.0059485056530260046
21.14416885,0.0061971397287624175
21.72075272,0.006372459578839748
21.73503876,0.006639411447242375
23.34466743,0.00757940279152998
25.69286728,0.008115724983862989
26.36972618,0.008783333168885873
27.02479744,0.009074530768486891
27.07350922,0.009206345685582132
29.03188515,0.009341917221482332
29.29627037,0.009834784391766823
29.41524887,0.009971807081092757
29.49575615,0.010345632430735253
30.44989777,0.010755789605971388
30.71156502,0.010943596612928968
31.31099892,0.011043300479299308
31.31099892,0.011442944835938228
31.55209541,0.01174156615688334
32.11482239,0.011960947890096147
32.11482239,0.012066388574837387
32.47888947,0.01241740351613573
33.05630493,0.012612879247591715
33.18556213,0.01293931315101692
33.25951004,0.013173386997503802
33.48327255,0.013768910080339989
33.64886475,0.013975550607477384
33.82704926,0.014469779787208547
35.57756042,0.014619743512546201
35.87722778,0.01477104338295637
36.05888367,0.01531212296096615
36.11929703,0.01595893721456904
36.2821312,0.016571238794499142
37.05692673,0.016738868192366887
37.05772781,0.016849090237783172
38.28601837,0.01717832001344162
38.47488022,0.01764989992543402
39.44804001,0.018049186531958375
39.99174881,0.01843359406314469
40.32678604,0.018657664520511114
40.84540939,0.01897422143678581
40.92626572,0.0192106862570015
41.24223709,0.019353981938881406
41.24340057,0.019791636657918166
41.28277969,0.01997434921216477
42.62145233,0.020668752780937345
42.66653824,0.020865450980081805
43.06287384,0.021263028247439544
43.20942307,0.021520087670172428
43.30134964,0.02178201709667835
43.59606934,0.022183465060887732
43.87641144,0.02245412820309775
44.00667572,0.02269346468527686
44.31829834,0.022929029061521396
44.52102661,0.023086172063303097
45.40602112,0.02330361252234001
45.46791077,0.02439375262177296
45.47784042,0.024993228388856953
45.52929306,0.02519818687242466
45.54101563,0.02540965117094657
45.59719086,0.026190010993554665
46.15213013,0.027204608895052676
46.39925766,0.02755620625009866
46.61406326,0.02823014870349818
46.64730453,0.02849146978035634
46.71570587,0.028778186873390284
46.73556137,0.028967937745287907
46.80148315,0.029464915562914046
47.49873734,0.02964952152721805
47.67276001,0.029841499283610625
47.85629272,0.030090165278218
47.8614006,0.030637084108664312
47.91953659,0.030848625714087585
48.27614975,0.03131081595422035
48.58121872,0.0314927037824655
49.23447418,0.03167151226080458
49.23536301,0.03191551954660065
49.68497086,0.032077002167799615
49.80606079,0.03237956400654364
50.17050552,0.03271361277295546
50.2374382,0.032929172303215355
50.32561874,0.03333921179338571
50.69958878,0.03362595101502799
50.72526169,0.03385503027358662
50.73321152,0.03409722908523268
51.37869644,0.03422901534679967
51.41862106,0.034814276611468985
51.65688705,0.03542790012320765
51.97943878,0.03557717037690541
52.0536232,0.035867671398763686
52.65566635,0.03601023735307981
52.66498947,0.03665413080673512
52.80098343,0.03686138034202815
52.91281509,0.0371087453310956
53.23151779,0.03729476073945724
53.58908081,0.037541643508930966
53.750892640000004,0.03783112381098817
53.76312256,0.03814322632837547
53.8760643,0.03855158616535034
54.18504715,0.038854550784257764
54.67369461,0.03966180498242976
54.77500534,0.039884913791528316
54.97680283,0.040143242358033675
55.87097168,0.04056794072570866
56.02803802,0.040702939495071914
56.32457733,0.04112380011532635
56.62979507,0.04136990111342198
57.02939224,0.04171086315532894
57.55841064,0.04199273452026685
57.8580513,0.0424010707114622
57.86337662,0.04249882442214896
57.98806381,0.04277246083739389
58.05276108,0.043004091437454574
58.49704742,0.043207487466281516
58.6149826,0.043465896073621564
58.71027374,0.043557655689057
58.73392487,0.043690795844336335
58.85152054,0.044171974204029185
59.1644249,0.04439157154052903
59.774189,0.04470468704857505
59.77550125,0.04491375162785359
59.78814316,0.0451746089206416
59.79979324,0.045440357973641474
60.02535248,0.04556515628649169
60.45079803,0.04572926155870077
60.82206726,0.046048589012478436
60.8769722,0.04635547030301531
60.88709259,0.04676070809318872
61.37472916,0.0469858784522931
61.4637146,0.04724083508795793
61.91651917,0.04758086418004085
62.2035141,0.04790198507883958
62.2843132,0.0481882331778992
62.29406738,0.04849940798421155
62.55096817,0.04874635032613474
62.70610046,0.048886791794282014
62.85729599,0.04921944419896917
63.36901093,0.049418155983747346
63.90376282,0.049687816011626924
64.24002075,0.05009003564176852
64.33930969,0.05023790572633257
64.79380798,0.05042250709597292
64.81730652,0.0508015185473557
64.85430145,0.05106125026011637
64.99171448,0.051203046208723395
65.0868454,0.05140351641354883
65.28346252,0.05159582506803726
65.40268707,0.05180611348912354
65.47556305,0.05200490832046839
65.62252045,0.05227726834929229
65.88931274,0.05247479758654573
66.01389313,0.052667164682787156
66.5014801,0.05283425077120601
66.64040375,0.05318608947935439
66.64453125,0.053750881384052346
67.06665802,0.0539910791486831
67.33184814,0.05425617771327683
67.4927597,0.05448472016069611
67.78344727,0.054603196199839006
67.79927826,0.05492073192615674
68.00634003,0.055202096595433965
68.532547,0.055496380343776894
68.6181488,0.055957388351216414
68.69036865,0.05611980848817541
68.82735443,0.05633869768177073
68.9699173,0.056852409453053004
69.00456238,0.05706230640164421
69.177742,0.05743094115513639
69.2698822,0.05781879118244953
69.31938934,0.05816585521428197
69.55760956,0.05875026895164569
69.85373688,0.059946472649243986
69.86138153,0.060786108708389956
70.0512085,0.061005358972663314
70.08862305,0.06127559709166006
70.26657104,0.06142438262071384
70.41825104,0.06188812480947885
70.543396,0.06216948601490617
70.54859924,0.06230642013269526
70.72218323,0.06241275613722911
70.7932663,0.0626065915630939
70.9220047,0.06274110002573949
70.95595551,0.06296154971309166
71.0395813,0.06327380647211216
71.11865234,0.0634938396098497
71.12528229,0.06413313633182259
71.47087096999999,0.06452421962142108
71.4944458,0.06479759089449767
71.64698029,0.06499505152744872
71.73595428,0.0651339647355416
71.7773819,0.06540715817854349
71.93871307,0.06584836961492294
72.14753723,0.06611087429847634
72.14841461,0.06639739209121787
72.29061127,0.06654354286015067
72.44174194,0.06687504297596093
72.57154846,0.06711414275680481
72.72625732,0.06768392220728967
72.89129639,0.06795712486811196
73.0022583,0.06814781475875288
73.21150208,0.06824366675757489
73.28837585,0.06839932899136844
73.31293488,0.06855558169742318
73.59831238,0.06903966849022476
73.65122223,0.0691662607060967
73.80906677,0.06979316800332584
73.81937408,0.07001480105406772
73.82313538,0.07075263370887144
73.87546539,0.07108503937853795
73.88838196,0.07121537481581589
73.95455933,0.07177712345486935
74.18153381,0.07195781940321055
74.35310364,0.07226839711020543
74.46548462,0.07303144047957857
74.48020935,0.07339511943449249
74.56811523,0.07378751331962084
74.71369171,0.07395701361246294
74.78206635,0.07433474389667627
74.78236389,0.0746508827460479
74.85267639,0.0748542372802019
75.18521118,0.0750336719858098
75.50087738,0.07522433880323066
75.51849365,0.07567924373296381
75.73432922,0.07593737463090672
75.85495758,0.07616608191178163
76.03183746,0.07670654681361369
76.50702667,0.07710618046375414
76.55405426,0.07774406777027977
76.76842499,0.07792427648927852
76.83165741,0.07816579415309069
77.95642853,0.07845704079053951
78.25688934,0.0786663324810461
78.36628723,0.07898403381388613
78.39588165,0.07914391417462212
78.42797089,0.07952337458121879
78.45658875,0.0796805920129166
78.47814941,0.08046453305754474
78.73441315,0.08079665025421214
78.8822403,0.08100427285485252
79.00836945,0.08136716351158571
79.09407806,0.08174707049744451
79.15960693,0.08194760777509595
79.19488525,0.0822241641601183
79.54042053,0.08245184158920285
79.6118927,0.08279233240411842
79.81284332,0.08302903582931523
79.89306641,0.08315959366883328
79.92845917,0.08354703095394084
79.93833923,0.0838572625620486
79.98413086,0.08428186076429732
80.07952118,0.08461811314159408
80.36508942,0.08491785108235685
80.38306427,0.08574747346096898
80.6841507,0.08583538902399375
81.08537292,0.08610040021939033
81.17373657,0.08632086692546574
81.20256805,0.08657783777666177
81.42075348,0.08670490101913517
81.86955261,0.0868615961105683
81.96727753,0.08716180012552181
82.11973572,0.08729116632844144
82.17129517,0.08738587094784653
82.72329712,0.0879061142266776
82.73477936,0.08803237043468586
83.1170578,0.08841207162194271
83.2488327,0.08898633484233734
83.43875885,0.08911770286533895
83.49771881,0.08930173616335961
83.5845108,0.089760597355632
83.74886322,0.09014974146078523
83.76136017,0.09042867175789755
83.85341644,0.0907158989818317
84.31774139,0.0909863456762793
84.33917999,0.09108128519349835
84.51915741,0.09123846117343878
84.68474579,0.09136254461595734
84.94528198,0.09172099991073106
85.05944824,0.0919732555150087
85.08792877,0.0924302700449509
85.11186218,0.09287243481347394
85.21710968,0.09353195842580726
85.2740097,0.09395165690958415
85.3227005,0.09442138918590702
85.3957901,0.09457581927607375
85.45101166,0.09494000360986714
85.51622772,0.09520274022831257
85.69309998,0.09540814288646303
85.73632813,0.09554201149544048
85.73860168,0.09588241723127948
85.78324127,0.09610203054163724
86.05461121,0.09653945252410494
86.21253967,0.09685273730279587
86.28364563,0.0971459132770893
86.75830078,0.09741670947705316
87.28851318,0.09769333717158357
87.37596893,0.09791891560670395
87.40536499,0.0985249678255544
87.47771454,0.09869742102341704
87.5085144,0.09890012650050493
87.60092163,0.0994332334369204
87.64581299,0.09954129114753005
87.65996552,0.10001839933829927
87.7589035,0.100247125312543
88.06803894,0.10039665475393139
88.19694519,0.10133166525124884
88.3793335,0.10206809032272524
88.56469727,0.10245517432351789
88.70876312,0.10289707523816069
88.82857513,0.10311720188554059
88.86541748,0.1035844318008712
89.14168549,0.10380720647702432
89.16738892,0.10410261812424285
89.46347046,0.10429639977454425
89.54541016,0.10453797414824308
89.85878754,0.10484159435113652
89.98681641,0.10523391953182613
90.05982208,0.10543963422292407
90.0770874,0.10562196055761261
90.19278717,0.1058419619481415
90.21944427,0.10667152134767502
90.45491028000001,0.10705372314963536
90.68668365,0.10746332384714122
90.71261597,0.10776244948779526
90.72624969,0.1078934353992914
91.08217621,0.10811406785494103
91.23449707,0.10824193204877239
91.24056244,0.10849218631969636
91.29033661,0.10893143383795288
91.33579254,0.1094153428005625
91.38965607,0.10958712235085055
91.42699432,0.10972690102097361
91.46112823,0.11006984850832473
91.75240326,0.11029017574428515
91.87844849,0.11043988188505177
91.94519806,0.1111117022282342
91.98325348,0.11141168618840622
91.99172211,0.11156220125309592
92.010849,0.11204422794153693
92.25811768,0.11237166619024265
92.37728882,0.11254151133671658
92.44306183,0.11272562635010025
92.46544647,0.11293553001169612
92.9883728,0.11316233009875722
93.02542114,0.11349567928157707
93.35394287,0.11395609425471888
93.39879608,0.11479056757156572
93.41318512,0.11501842323162215
93.49591827,0.11525712757508753
93.51091766,0.11553588957477705
93.81896973,0.11571766992342139
94.01766205,0.11605724533688004
94.02516937,0.1164346774436628
94.03351593,0.11656152191952555
94.13233185,0.11687430979293567
94.26300812,0.1170224329248624
94.49846649,0.1171494347913768
94.64394379,0.11735939002424661
94.67585754,0.11793221096547679
94.7824707,0.11837113465650646
94.79471588,0.11867917960080931
94.82447815,0.11887881198299513
94.88209534,0.11906758158294956
94.93255615,0.11929837729457664
94.94796753,0.11992808120837803
95.13802338,0.12028372365511085
95.17984009,0.12042350309806608
95.34790802,0.12077377517189514
95.36380768,0.1209343430786382
95.64803314,0.12123618131595848
95.66518402,0.12143040416360378
95.72358704,0.1218912537213384
95.72494507,0.1221649911035694
95.86535645,0.1223503314330164
95.86597443,0.12257515138490838
95.91226196,0.12278423663272758
95.97662354,0.12308003408430182
96.06348419,0.12320863625029525
96.19774628,0.12330656335394952
96.20919037,0.12358018330872547
96.234375,0.12373310557861263
96.24557495,0.12411609682387265
96.32617188,0.12435682882318379
97.29935455,0.12478794794104162
97.31872559,0.124921505418885
97.35109711,0.12555258794565397
97.41866302,0.12581822189004702
97.94680023,0.12632766642501309
97.94696045,0.12756358097911122
98.09866333,0.12784419035685957
98.5029068,0.1282005730946027
98.76184845,0.12849134741727922
98.77132416,0.12861108932242943
98.86780548,0.1288552457828892
98.92664337,0.12964247891803035
98.95665741,0.13018201413349834
98.99040221999999,0.13028108381442197
99.24865723,0.1304327156707089
100.2915726,0.13086508091633992
100.5188522,0.1310391174379912
100.5414886,0.13131468908710317
100.5948257,0.13216270698036797
100.6984634,0.13240983316406435
100.8723984,0.13277771637621588
101.0045471,0.13294702843312833
101.4241409,0.13329625654215668
101.6272659,0.13351991893769505
101.8082886,0.13362890166849092
101.8396378,0.13401997356458992
101.8766479,0.13417630582475104
101.9295807,0.13438409443269364
102.1467972,0.1347176145752264
102.2025375,0.13484829257601558
102.2638931,0.1349220135322521
102.8121262,0.13517065121489036
102.8204346,0.13559049185968272
102.8331375,0.13581865150847827
103.0302505,0.136061319858165
103.0868835,0.1363041829851237
103.1465378,0.136802534205696
103.2932663,0.13709369135560664
103.2999191,0.1375856086862078
103.3517303,0.13792426428951346
103.5591507,0.1380889889471227
103.6737213,0.1386888117292124
103.8462982,0.1389038187035926
104.0524902,0.13900302884942836
104.0742493,0.1392200256635264
104.0784988,0.13936654176854696
104.1880569,0.1396069724414091
104.2238159,0.13985112815752984
104.2619247,0.14001020451826032
104.2720108,0.14015326515926263
104.344635,0.1403086799136965
104.5177231,0.14064807337472268
104.5494461,0.14091475053957742
104.9183044,0.14123508628909656
104.971962,0.14153958997457594
105.0932465,0.14169967523221774
105.1724091,0.14185844879212633
105.5718079,0.14196458812288318
105.9426956,0.142186306281312
106.308197,0.14254907069354963
106.6229782,0.14266555101016362
106.6282578,0.1431701759819341
106.7387772,0.14347035451898815
107.1124649,0.14361168483721717
107.3344803,0.14391459311840743
107.4579849,0.1441019165745676
107.628891,0.1443589031132832
107.7226486,0.14454474747610077
107.7490845,0.14463825969316924
107.8210449,0.14483797268863194
107.890564,0.1449765979533696
107.8955841,0.14511494636760794
107.9322052,0.14524323830416344
108.1201172,0.14549983016414478
108.2053146,0.14593168533609635
108.3013153,0.1462164237969444
108.3536453,0.14649953871319657
108.4965744,0.14689364182304998
108.5069809,0.1472509128240102
108.5261917,0.14786067130691932
108.7557373,0.14804758760306486
108.9782333,0.14814031773393546
109.0451736,0.14889044711970556
109.0798264,0.14920507507130518
109.2253494,0.14935894194212657
109.2849579,0.14977263654016673
109.3291626,0.14990829826502858
109.4250565,0.1500443066899474
109.4703827,0.15019867385825628
109.6602249,0.1508062589889283
109.9081497,0.15189757943159654
109.9126434,0.15233387603442683
110.0036545,0.1525657864764136
110.0896072,0.1528629631994633
110.0922852,0.15332184749368336
110.2402191,0.15343598671170397
110.316803,0.15373101192478653
110.4014969,0.153935728454082
110.5727844,0.15407919234755355
111.1660843,0.15429920546083586
111.2626572,0.15454586213521923
111.4830322,0.15471925903231995
112.0363541,0.15490127101533005
112.0409622,0.15522447798299985
112.1253433,0.15585606296874743
112.3554001,0.15634536815444702
112.5906372,0.15645068551461697
112.6635361,0.15664703626936544
112.7333984,0.15685659726719647
112.9319611,0.1573577253518017
112.9352722,0.15753028010351508
113.2243805,0.15773945738672104
113.3999939,0.1580221825481565
113.4751282,0.15828443365482062
113.4802399,0.15843115847846123
113.5706406,0.15850261538533636
113.6691208,0.1586261837588492
113.7340927,0.15894987480696035
114.2717819,0.15926112607569867
114.4273453,0.1594500647746357
114.4674683,0.15961111056403682
114.4875259,0.15985579604915556
114.4981232,0.16017007366506875
114.7401047,0.1604418998598749
114.7684097,0.16072983691578158
115.077446,0.1608891798212928
115.2507324,0.16130539272545552
115.4628372,0.16145226481999667
115.4667587,0.16159186408541856
115.6053696,0.161808917609286
115.7088165,0.1620249967602997
115.7297287,0.16246618970370028
115.945488,0.1629779024031391
116.1564407,0.16327286735665394
116.3225784,0.16355167773580065
116.4835129,0.16371661441828825
116.4848938,0.16407574633787542
116.5767746,0.16423768210817202
116.8320389,0.16438249843528824
116.8573837,0.16463682894393786
117.173233,0.164788728475702
117.2665024,0.1650556111243272
117.3298187,0.16519360850145565
117.561554,0.16543064305374866
117.7506943,0.16557069562574256
117.7519226,0.1656340111999733
118.4289093,0.16596817118175175
118.7325287,0.16608511911118548
118.8215485,0.16630779008653646
118.8937836,0.16652017765894406
118.9769058,0.1666769314926565
119.1744156,0.16737508684226485
119.2522736,0.1676518857255085
119.329689,0.16784185162825094
119.9371719,0.1680158150368846
119.9473419,0.1686614863912106
120.0897141,0.16882404025861925
120.0951691,0.16949119453590025
120.4237061,0.1696725485731605
120.6734848,0.16978996132435364
120.811882,0.1701503776458426
121.0032043,0.17030583671471392
121.2889328,0.1705378357569652
121.4727478,0.17083999948185272
121.6017303,0.17106367806594416
121.6919327,0.1714861475452247
121.9511642,0.17187586172589714
122.0665665,0.17203839359356143
122.1711884,0.17216994226640223
122.2647934,0.17237624956240757
122.4353943,0.17254884751204988
122.5461349,0.17274755405819622
122.5839615,0.17283188577994368
122.7808914,0.17306364352619608
122.8409424,0.17328516078133016
123.0922623,0.17356438607836153
123.2411499,0.17381221616828038
123.3217621,0.17407571440478467
123.3400803,0.17423843359237728
123.444252,0.17439894613474255
123.6110611,0.17448113273747312
123.8932953,0.1746097008518321
124.0294266,0.17494395186704756
124.1873322,0.1759193829376923
124.3269043,0.17626681851770093
124.4080582,0.17640374507800996
124.4870605,0.17690152725350594
124.4873657,0.1772454786281369
124.5716019,0.17738493066557381
124.8101196,0.17766598204234307
125.0368652,0.1779977682838111
125.0805969,0.17820307969382937
125.2485123,0.17853733460228505
125.3354263,0.17878975512596673
125.7196655,0.17907554244680543
125.7357941,0.17949534693581026
125.7387085,0.1799852772750685
125.8369141,0.18027272275039183
126.124527,0.18072171746162222
126.1478958,0.18130359256788187
126.2493896,0.1815670389038583
126.4394913,0.18197915799331785
126.65065,0.18238862322839047
126.8283768,0.182675553162285
126.9601364,0.1828775785793199
127.0275879,0.18306075143936432
127.0732651,0.18337206926558994
127.2995758,0.18351691675305015
127.5331268,0.18393906847402308
127.7294159,0.18442679122332503
128.0514221,0.1851793986085792
128.1283875,0.18556187050511858
128.3492432,0.18569189946314685
128.525177,0.18621110089551823
128.6342316,0.18655917766028143
128.6924896,0.18720684430765225
128.7939758,0.18752348501483262
128.8690643,0.18791306925815923
128.9356689,0.18797726735596518
129.1449585,0.18813276801964582
129.1604462,0.18845454541854917
129.3650665,0.1886535303180608
129.5274811,0.18897746561068204
129.589325,0.1891103130847733
129.6508179,0.18940800428996407
129.7349548,0.18974399058048078
129.7857056,0.18997726466364423
129.8713531,0.19007051344190581
130.2218933,0.19028027404067285
130.3177795,0.19038462671097442
130.3813477,0.19106192629508587
130.5144806,0.1915475772603066
130.6125336,0.19187385949855756
130.8376007,0.19193712208444436
130.9005432,0.19215854883566802
130.9411316,0.19265310527774832
131.0537872,0.1931510562373954
131.086441,0.19335655750088535
131.2148438,0.19361219170609262
131.3483124,0.19370377195984798
131.4334717,0.1940559983330824
131.5312805,0.1944170247218975
131.5444946,0.19459658611569644
132.017746,0.19472068193935904
132.1001282,0.1949466241504804
132.2173157,0.1960208625940439
132.2640991,0.19623422214904832
132.3136902,0.1964153893529913
132.3513947,0.1967105234627095
132.5567322,0.1969715165901003
132.6040192,0.19720588874288175
132.6924438,0.19729769846966413
132.9420929,0.19743035341368845
133.0398712,0.19774116491630567
133.3605499,0.19787882717296137
133.3742828,0.19813560917263548
133.6245575,0.19827033650202805
133.8419189,0.198412954499924
133.9749603,0.1987529509574073
134.0249939,0.19911447032965263
134.5888214,0.19938794128154444
134.7008667,0.19959193512541748
134.9608765,0.2000872887687847
135.0599213,0.20031354609022875
135.1407471,0.20052574621396133
135.1509094,0.2006708953571245
135.1937714,0.20084516458661722
135.5960083,0.20120436028684283
135.6046753,0.20131999445746998
135.7501831,0.20184655351169883
135.7575989,0.20203458823117157
135.7996216,0.20237110878497902
135.9233551,0.20254627374933773
135.9658966,0.20283367199032282
136.1169739,0.20303666735744463
136.2081451,0.20323429255205266
136.2536163,0.2035067084890862
136.2740631,0.20366299455977435
136.2847443,0.2040381784550136
136.3154449,0.20433481544690585
136.3615265,0.20468526134312787
136.5435028,0.20486099372083288
136.729538,0.20524446541090474
136.8429565,0.20571053539392997
136.8815613,0.2058120314815239
136.9343262,0.20631823270621402
137.1263885,0.20665838586723073
137.252121,0.20674305027618461
137.390213,0.20699959633316772
137.5299225,0.2072981589690543
137.7789612,0.20749018765275265
138.2445679,0.20789285446332623
138.3628387,0.20813805855282655
138.9328461,0.20843625273221736
139.1092682,0.20858364763932905
139.1859131,0.20906919423093456
139.2080383,0.20988255957963173
139.2884521,0.21009306865666932
139.3017883,0.2103449603274716
139.3447266,0.2104874641757949
139.3660126,0.21067401271675082
139.622406,0.21087214410598604
139.868988,0.21112547808456314
139.8811951,0.21137300023528188
140.0024719,0.2116107846255423
140.0072784,0.2118983839416017
140.1213531,0.21253074116584098
140.2635803,0.21262513719470244
140.2645264,0.21277125252345908
140.2780304,0.21294049948283467
140.3311615,0.21315738903202708
140.5750427,0.2135801911269646
140.6767426,0.21375271583472527
140.8818665,0.21396882802111847
141.0498047,0.2144266258968307
141.0690155,0.2145563659380471
141.0911865,0.21481807648350085
141.3400421,0.21504559698016895
141.4573364,0.21520982958477178
141.8269348,0.21540709360833094
142.3148651,0.21557138425390682
142.4535217,0.2158648040145924
142.777359,0.21655274735671387
142.7842865,0.21683228783559388
142.868927,0.21695985897606765
142.9313812,0.2175916633008681
143.3832855,0.21796875205688498
143.5063934,0.2184254476547903
143.6309662,0.21865973817803988
143.6455383,0.21971002360008618
143.8318787,0.21999215506871608
144.1819916,0.22027375943075533
144.2188568,0.22071443740528654
144.2333679,0.22120954411324317
144.3832092,0.221458647726903
144.3878479,0.2217265257892094
144.5392151,0.22186313285934448
144.5799255,0.22203573132432544
144.6887054,0.2222284335839552
145.0336151,0.2224208487017895
145.0533295,0.22264821384031583
145.1666565,0.22292275377690712
145.3531036,0.22373579186313786
145.3621368,0.22415930358965797
145.6474457,0.22442538832138484
145.6600189,0.22452683247267619
145.8274536,0.22475455856755627
146.0054474,0.22497755952488452
146.0463715,0.22516501049940593
146.2009888,0.2253814070937785
146.2628479,0.2255996609138105
146.4745178,0.22579207381305016
146.4755249,0.22604743674994907
146.5205688,0.2262536905136966
146.6222992,0.22692584527604556
146.6773987,0.2271122206388112
146.6985931,0.2273769434756502
146.7297058,0.22776366259835576
146.792099,0.22846958825480637
146.7984924,0.22871184016932003
146.926178,0.2296486956114065
146.9623718,0.22983403854592285
147.213913,0.23045645314152563
147.2510681,0.23076089218758605
147.4801941,0.230928901506975
147.596405,0.2311390328666636
148.0065002,0.23133815762276494
148.1014557,0.23143371093594683
148.3545837,0.23157370781442624
149.0302887,0.23186265056112235
149.2704163,0.23199384282935745
149.3373871,0.23216223393111524
149.6719208,0.2328856898836111
149.8058777,0.23318696594633412
149.8225708,0.23397961316752935
149.8776855,0.23413338947721962
150.2684021,0.2345200749919862
150.5637665,0.23475118153410385
150.5808411,0.23518738000401773
150.6812744,0.23535019483401617
150.7884064,0.23554671108072817
150.9365997,0.23595621496209887
151.0281982,0.2360222262216905
151.0903168,0.23613488912319397
151.1050568,0.23649095040977927
151.2006683,0.23663770371705128
151.4085388,0.23686660849482635
151.438385,0.237131852111726
151.5074463,0.23770378819636825
151.6354828,0.237885180021146
151.7266846,0.23828088288664664
151.8203735,0.23857978154470214
152.2126923,0.23884647133412368
152.526474,0.23913961533220812
152.6072845,0.2392775833668073
153.0379181,0.2396559475932439
153.1224823,0.23978345576894428
153.1908722,0.23992112443807836
153.2878418,0.24005835130858147
153.3072968,0.24053438931231153
153.3496399,0.24112737565338432
153.5487213,0.2411975827610352
153.8048859,0.24154540717997644
153.8530579,0.24193873315614825
154.0639038,0.24210508017020166
154.1218872,0.24222484914921835
154.1609497,0.24298695235484655
154.2267151,0.24333247511581757
154.2412567,0.2436151444548746
154.3229828,0.24383886142753614
154.486908,0.24429689266948046
154.7304535,0.2448196568881138
154.8492889,0.2450728244301157
154.8836517,0.24521467884908607
154.9633789,0.24548681381337975
155.2259064,0.24566666678616342
155.3732605,0.2458348456482305
155.4076996,0.24629301220943883
155.9051971,0.2466075402532229
155.9665985,0.2469335014983167
156.0428314,0.24729889382892384
156.0918579,0.2476874537740407
156.3336945,0.24837267922352607
156.5552826,0.24917150887626136
156.6338501,0.24965753462450788
156.7538757,0.24983975886151386
156.7960205,0.25009737510553615
156.823822,0.25067184392414277
156.8926392,0.2509346261165861
156.9807892,0.2511039095608859
157.0465088,0.2513400828736429
157.078476,0.25194877145585115
157.3985748,0.25227186792376577
157.4156952,0.2528453197441492
157.5278473,0.2530380707124901
157.6246643,0.25318615061776034
157.7330475,0.25341298661718614
158.2465973,0.25352997931189364
158.286377,0.25396155268093523
158.289032,0.25417883921328766
158.4475861,0.2542989480148469
158.6436768,0.2544147001997586
158.8235168,0.2547520865161226
159.0335083,0.25518578334077285
159.2529449,0.25545174397507286
159.2602844,0.25561587186250134
159.4712372,0.2559874222631404
159.6430817,0.25611731478551336
159.7067871,0.2565967470489649
159.720459,0.25678584844871133
159.8156891,0.2574353242000124
160.1736298,0.2576916642007828
160.2625427,0.25779284689567383
160.3084564,0.2579443535809409
160.9303589,0.25862407259391945
161.0974731,0.2587325698200866
161.1547699,0.25886289947478364
161.6571808,0.25919557672770727
161.832489,0.2600897136026189
161.8983612,0.260453954388571
161.9535828,0.26068116166425714
162.2507019,0.2608771019812258
162.8842926,0.26110275778058556
163.0139465,0.2615554898446927
163.2592163,0.2622579861161944
163.4904022,0.26257726332978454
163.7327881,0.2627861648646945
163.7474518,0.26386973143237913
163.8674927,0.2640751112749202
163.9432678,0.2643150982312003
163.9756927,0.26451893943655974
164.0257721,0.2647334836145144
164.1459961,0.26498218676685903
164.2355804,0.26538341974325647
164.3874054,0.2657294301630775
164.5652771,0.2658606919660388
164.5760651,0.2663028026583549
164.5975494,0.2664778320458388
164.6317444,0.26671953403815246
164.8054199,0.2671467637944002
165.0169373,0.26741491902203746
165.2375488,0.26794536589209483
165.2956543,0.2685382199769736
165.3219147,0.26875128340124527
165.3282166,0.26886156154102625
165.345108,0.2691016451416619
165.4291077,0.2692909122194566
165.5366516,0.26956509801295236
165.5366974,0.2697743004735315
165.9142303,0.2702322172366492
165.9218292,0.2704628337868807
166.0723419,0.27059211242021325
166.301712,0.2708191053235624
166.5431061,0.2709815556333381
167.2456207,0.2713914931259623
167.4533234,0.2715444708460584
167.4763794,0.27164355846171834
167.5463409,0.2721951769089015
167.7134552,0.2722942320831523
167.7436829,0.27244840275662807
167.8797913,0.2725545724962842
167.9805756,0.27284083155933575
168.047287,0.27327713486086547
168.0892792,0.2735151595737854
168.1512756,0.2737002662792724
168.1932831,0.2739403101171014
168.6728973,0.2740732009752063
168.9174347,0.2743184604864225
169.1692047,0.27462561836984795
169.1856079,0.2747238680411217
169.2852631,0.2750053528573649
169.4507446,0.2752793872720248
169.5974274,0.27567161019744024
169.6306458,0.2759399890010468
169.6814117,0.2765752414901134
170.2201233,0.27698679768936435
170.3212433,0.27713360548792837
170.4344788,0.27786105918333126
170.6397247,0.27809096631679253
170.7204437,0.2781934156792858
170.7330627,0.27833216444028047
170.8638763,0.2786819114114184
171.1323547,0.27905041969141464
171.272583,0.27924170168604673
171.29776,0.27950263192019004
171.3744965,0.2796616650685692
171.3927307,0.2798331584788943
171.5975189,0.2800524388586463
171.7182007,0.2803083505727435
171.7304535,0.28061307588751355
171.7666168,0.2807327027770407
171.802536,0.28097549024313323
171.8026581,0.2813879735808996
171.9604187,0.28168713761012376
171.9762421,0.28200084981670737
172.0493164,0.28226971195641626
172.0858459,0.2825184898535085
172.1356506,0.28302955146337133
172.1460724,0.2832835928692416
172.167038,0.28335624569239487
172.5206146,0.28357602571136103
172.5448608,0.28382825091393893
172.7888184,0.28403270107011597
172.9767761,0.284306523359644
173.1937408,0.28448674212663333
173.2750397,0.2846697800538884
173.5982361,0.28495539097599243
173.6962128,0.28513282490638364
173.7015228,0.28529374535298535
173.7632141,0.28562334510242804
174.2669373,0.28587098948984335
174.3696442,0.2859764079028774
174.3749695,0.2863607476742367
174.5407257,0.28661590146324256
174.5993805,0.28702611895538443
174.6474304,0.287361983524426
174.9766083,0.2876777857790692
174.9991302,0.28780074218161006
175.0072784,0.2879471739661983
175.1410522,0.28817433303420675
175.1480865,0.28850437506877424
175.1528168,0.28879489930702174
175.1753235,0.2889475782627054
175.5149231,0.28907301599971613
175.5168304,0.28930584784067037
175.7811737,0.28972848404286455
176.2588196,0.2906407826081961
176.2890472,0.2907877095374712
176.6084595,0.29124637978849094
176.6230164,0.29159005680313316
176.7228088,0.2919882490042794
176.7332764,0.29217511030821663
176.7867737,0.2927719891598006
176.8582458,0.2930290513879928
176.9305725,0.2931750883507948
177.0103912,0.2934256934440163
177.0756836,0.2936451874232731
177.3788757,0.293811038018774
177.5122986,0.29412713816462677
178.1624451,0.2942764781533234
178.8061218,0.29490555038652905
178.9052734,0.2951253532497149
179.0974274,0.295502867429725
179.2149506,0.295746242405145
179.4571991,0.295903867039773
179.7444611,0.29634867953642574
179.8761597,0.2965627984335563
180.0758514,0.2967854049841835
180.123642,0.2969178993315515
180.2086639,0.29712040729743405
180.2791138,0.2973350265207798
180.3260651,0.297584971592826
180.4298401,0.29787527334311953
180.690506,0.29799624455782686
180.7715454,0.29826406888748547
180.8213959,0.29860545449265524
180.8585358,0.29974097265306177
181.0308533,0.30009174546819106
181.0630493,0.3004153671247452
181.283432,0.3005768109995097
181.5070038,0.30086019323360924
181.7782288,0.30106688936842996
182.4567261,0.30116522300948295
182.6218262,0.3015368208734607
182.7707214,0.3016511315449813
183.4707031,0.3018985810406831
183.5297546,0.3022010629532685
183.8179016,0.30264199848376033
184.0733643,0.30305594164894106
184.9599762,0.3034798706406872
185.1023254,0.3036357417075423
185.5672302,0.30413776226355355
185.6792145,0.3046095628028869
185.7995148,0.3047254512875077
186.053421,0.3048700203786871
186.6837158,0.30512398208739905
186.8124237,0.3055749002382171
186.8513641,0.30585597148196725
186.9981537,0.30618384683438676
187.208786,0.3063626232792961
187.2161713,0.3065828059495616
187.2502747,0.3068677058945742
187.3321686,0.30706746284661
187.3379364,0.30723763964982403
187.3536682,0.30749705915785763
187.5591736,0.30766385751761643
187.816803,0.3080090351244293
187.9304047,0.3084642179066115
188.0678558,0.30871157751387795
188.2039337,0.30918819014475796
188.2328033,0.3098696384499497
188.2867126,0.31009315278733285
188.3549652,0.31024310776715597
188.3638,0.31041878490923
188.494812,0.31106485349002155
188.5513458,0.31128057918494073
188.5521698,0.3114360972967349
188.6261139,0.31167270509383105
188.6537781,0.3120053844937061
188.9703979,0.3125760245824399
189.046875,0.31269892294400753
189.0987396,0.31345895579677735
189.269104,0.3136989586695773
189.4135132,0.314129666247452
189.6512451,0.31425714397841975
189.6607666,0.31439719358759727
189.7345276,0.31495479384901237
189.7670288,0.3150907448913487
189.7943573,0.31548061050819504
189.8782196,0.3157965935415415
190.2845612,0.3161531092510901
190.6164856,0.316558847467615
191.0507813,0.3169847633648729
191.1302643,0.3170960924258117
191.4721832,0.3172833657563432
191.6778107,0.3177158964939377
191.6926727,0.31800865096608855
192.1705017,0.31857185287702605
192.2536621,0.3191520578914698
192.3202057,0.3193122311766994
192.3369293,0.3202043811176061
192.4326019,0.32064487072734366
192.486969,0.32098025946042497
192.5111389,0.32120723989679895
192.6617737,0.32130781063501135
192.7511139,0.3215372198039041
192.7819672,0.32165221389909743
192.7988892,0.3221213067941753
192.8920898,0.32226692206875
192.9150391,0.3224857457640285
193.0595398,0.3227579958083186
193.4004822,0.3232615109734125
193.4992676,0.3234741101414254
193.6099396,0.3236296230575033
194.0377045,0.3238212387841836
194.1026306,0.3240681235861672
194.3723602,0.3242506919181608
194.7998047,0.32434760180879124
195.0307617,0.32470485291416024
195.1045837,0.3249071823485446
195.6210175,0.3250651658782889
195.8652802,0.32531903051325495
196.046936,0.326189259081984
196.5398865,0.32651719323402073
196.7005005,0.3269009893810997
196.8764038,0.32715638549654724
197.0834351,0.3276659697306286
197.4762115,0.3279980088904781
198.0208435,0.3285172988943863
198.1431274,0.3290059158899934
198.1646423,0.3291268979828615
198.1684418,0.3294654471228212
198.1952972,0.3296015401257831
198.3856812,0.32993735256529644
198.4064636,0.33043951688544276
198.418335,0.3305734544995025
198.7032013,0.33085218658410326
198.8792114,0.3314424795371001
198.9495697,0.33166580704116605
198.9659119,0.3323440376857608
199.1975708,0.3326031007033576
199.7048645,0.3329141775485331
199.9852448,0.33311507926057615
200.3509674,0.3334421633661864
200.431839,0.3336569274701757
200.4437561,0.33387065968986485
200.5687714,0.3341256201329387
200.6078796,0.3341989848491965
200.6363373,0.33461045582620175
200.7849121,0.33551766573570846
201.0115204,0.3357738078675265
201.6100769,0.3361619579903385
201.7386322,0.33639420778959733
201.9297333,0.3364640774508216
202.0242004,0.3369361151924064
202.043335,0.3371650733020493
202.0669556,0.33738646615899565
202.3643951,0.3375821461145444
202.4302216,0.3378044989880286
202.5024567,0.33803324547345587
202.5045929,0.33835858445616424
202.765976,0.33879614261667657
202.8170776,0.33917837441955684
203.1545563,0.33938540309850856
203.2019653,0.3394755126752523
203.2201691,0.33978405343705503
203.3566132,0.3399517484476811
203.3912506,0.3403120407861847
203.4105835,0.3405228849407795
203.5144501,0.3408680394742551
203.8120728,0.34109014124717263
203.9076233,0.34151764275833985
204.0004272,0.34178154031104035
204.1007538,0.34197425405011794
204.361496,0.34253065673487937
204.3744965,0.3429029457946815
204.3770752,0.3430238031746477
204.5021973,0.3431219298076182
204.5034027,0.34341829747788083
204.6209869,0.34360981671767993
204.857132,0.3441607364972724
205.0187531,0.3443008508747329
205.1129761,0.34452261465019246
205.1372223,0.3448037971093092
205.4792938,0.34506783765331267
205.5846558,0.3454118088090933
205.9011078,0.34564197910931654
206.0108643,0.3466015519224107
206.3769684,0.34691240796846573
206.4819794,0.3472151955301306
206.487854,0.34743612484642955
206.6038055,0.34786807016442717
206.7808533,0.34894735151803813
206.816391,0.3491570147281105
207.2028809,0.34941261060185114
207.497757,0.3497059444819004
207.5055389,0.3500042675108561
207.5262146,0.3503230359962757
208.0146179,0.35043987245982605
208.0704041,0.3509437338955866
208.2202606,0.35113905144925356
208.3730011,0.35147933457622643
208.6997681,0.35176477751573915
208.70047,0.3520131477088677
208.7781372,0.3523123089899706
208.8486328,0.35260011250151235
209.2394562,0.35273534436519177
209.63839719999999,0.35312713871771284
209.7559204,0.3532648647120914
210.2687988,0.35340584028605504
210.6792755,0.3534925046471494
210.6976929,0.3536955950698124
210.7675323,0.35443022185829853
211.0834656,0.35470559354872744
211.104187,0.35488575209906464
211.6413727,0.35525367126661384
211.7516479,0.35536837343211075
211.931015,0.3554995780242691
212.0338593,0.35584531777695166
212.1517639,0.3559910126485483
212.3579254,0.3561094796845659
212.4784088,0.35663512714462964
212.4817352,0.3570566060481981
212.8648987,0.3572309089428506
212.901947,0.3573902220907474
213.0763855,0.35757299049598285
213.2379761,0.35775855898164044
213.2772675,0.3580646202267879
213.39505,0.35834304654775045
213.4382324,0.3585623423144958
213.7089386,0.3587409878916355
213.9087067,0.35904072085137717
213.9537506,0.3594910972100348
214.1527557,0.35958655557503477
214.2045898,0.35980280442608364
214.5375061,0.3600386089675133
214.8288727,0.36016534911279363
215.1012878,0.36036495945220226
215.1141357,0.36082869179336663
215.1566467,0.36116249070434975
215.2264404,0.3616803762166111
215.2804565,0.3618601464577768
215.2952423,0.36202511491620065
215.5278168,0.3621799165832712
215.8523407,0.3626743087071173
215.8669128,0.3630696499292632
216.3197327,0.3633306436004858
216.5027618,0.3637264184912231
216.5892792,0.36391446861199434
216.6758881,0.3646632803600932
216.8144379,0.3649971318587225
216.9182434,0.3651832679723043
217.0293579,0.36559856653418066
217.0691833,0.3662206810628949
217.1932373,0.3665470514432924
217.3465576,0.3668436514493442
217.5482025,0.3673202516275542
217.568512,0.36740341913011715
217.7319183,0.3674658555730497
217.876358,0.3675795227768595
217.9734039,0.3681353816083402
217.9791718,0.36838825549581466
218.0175934,0.3686144595999496
218.1215363,0.36872647388090635
218.4560394,0.36903309924721256
218.562561,0.3692058869214625
218.6349335,0.3694341726430913
218.9460144,0.36972514454849914
219.1304474,0.37007357285128845
219.4350128,0.37024226970237933
219.6896667,0.3708771518741026
219.703125,0.3710854010168433
219.8408966,0.37146108840150405
220.0380554,0.3718437306565865
220.2968903,0.37219128034336946
220.436203,0.37241853989175294
220.7865601,0.3726635856747176
221.1795807,0.37298790104633434
221.1831818,0.3734570854328499
221.30691530000001,0.37386895523944025
221.3162689,0.37414127541962633
221.5601654,0.37442642630784845
221.6536865,0.3746722891017429
221.8345184,0.3748385202056297
221.8778534,0.3752668027437187
222.2574615,0.37627240356224345
222.3560181,0.37665757694817065
222.3758545,0.37686034609133817
222.3963318,0.3769849607198895
222.4233856,0.3770993566279259
222.5132904,0.3774176116903749
222.7653961,0.3778926654735333
222.8800201,0.37820660569315834
222.9236145,0.37846874853296697
223.0571747,0.37868177802016295
223.3672791,0.3791131802291017
223.8890686,0.37973637152911305
224.2710571,0.37998431389368625
224.3045044,0.38006740808282985
224.3830414,0.3804992097798616
224.4579926,0.38067449433304923
224.5859985,0.38130339520576206
224.7210541,0.38162747036927813
224.8803864,0.382083748616009
225.0238342,0.382460390048542
225.3542175,0.3830549616885753
225.4058228,0.383243677970967
225.6451416,0.3835524143688223
225.755661,0.3836307203483165
225.9537201,0.38390587355847317
226.1738739,0.3841509043123088
226.2418365,0.38469161265697394
226.3126831,0.3849556091441506
226.9116516,0.3852831783607623
227.3118896,0.3855974001829074
227.6877136,0.38574417591943133
227.8724213,0.3861383461879419
227.9075775,0.38629046590335153
228.037384,0.3863883893785524
228.1319275,0.38659745747890156
228.1840668,0.3870710464248969
228.1957397,0.38723467390027905
228.2564087,0.38768249473785604
228.3101807,0.3879407894960325
228.7081451,0.3880530530741168
228.7432251,0.38856082625770644
228.834549,0.38875358966441215
228.9100342,0.38902499490102477
229.1144104,0.3891426679276895
229.4156799,0.38940151235045517
229.4675598,0.3895582893433361
229.7250214,0.39023688738525614
229.9119873,0.3906038744331514
230.7341766,0.3907825205971558
230.8199463,0.391342286309886
231.11586,0.3916394219819582
231.1898193,0.39198610184116495
231.5814514,0.39215397051670964
231.6371918,0.39236349339788645
231.7108307,0.3927036570935048
232.0221405,0.39286973636043776
232.2284393,0.3932454618474475
232.2877502,0.3939008870647192
232.5236359,0.39408643734361903
232.5433502,0.3945136676436986
233.2589569,0.3948159350836935
233.3367462,0.39520455723505676
233.3519287,0.39557037590565847
233.5233612,0.39584433620535103
233.6740417,0.3960972606765721
233.7024841,0.3962519003155291
233.8287201,0.3965359174936844
233.9082642,0.3969041824451719
233.9145355,0.3974200018987122
233.9723206,0.3978075544928165
234.1600494,0.39805788874723713
234.198288,0.39830884483453566
234.9483032,0.39853819063787504
235.0652771,0.39876099512898056
235.100769,0.39907010479257315
235.1273346,0.4002138839817419
235.178894,0.4009795558706545
235.2908783,0.40117231246410184
235.3257751,0.4014506196114378
235.3556976,0.4020671020318263
235.395874,0.40244785079090295
235.4412079,0.402645421164965
235.5662079,0.40281543513850565
235.824585,0.40307738955629996
236.2011261,0.40338205810396255
236.2405243,0.40372976080142864
236.3142242,0.40394856162387704
236.6982727,0.40441202742026067
237.0017395,0.404679740706215
237.0371399,0.4048679582369008
237.039444,0.404987457185829
237.1133881,0.40514462069879426
237.2550354,0.40533682904468726
237.3807068,0.40548447153129497
237.4241791,0.4057546829128318
237.5261688,0.4062452459060252
237.5386505,0.4064628238886156
237.5965118,0.40657340572373857
237.6284637,0.40700960888845245
237.9530334,0.40779347315582315
238.6539612,0.4082066502372626
238.8145599,0.40842554781850815
238.9812164,0.40855210522410146
239.0584106,0.4088897812444146
239.0944366,0.4093021742071346
239.1039581,0.40939885347251337
239.2479706,0.40951399559727497
239.5164032,0.4097307544504773
239.795929,0.41007670446756145
240.0015564,0.41027112582824454
240.1600494,0.4106428835446568
240.3043213,0.4108818028760514
240.5843201,0.41103615707646884
240.7547913,0.4111088368088851
240.8920593,0.41124482575318044
241.0031433,0.4116073058432699
241.071991,0.4117983992869063
241.4204559,0.41211617779778376
241.8750916,0.4124080906684963
242.3150482,0.4126999123339923
242.4649811,0.41330764953061844
242.4994049,0.41353554921877395
242.5778046,0.4138906047001283
242.8334045,0.41438493063865656
242.9414825,0.4145465078717012
243.2888336,0.41503765846017054
243.2991486,0.41531722229860896
243.3100891,0.41550055519717266
243.4240265,0.4157451695158353
243.7971191,0.4159214678039034
243.8482513,0.41653419621055626
243.9369659,0.4167634568059551
243.9658966,0.4169494023075383
244.0390167,0.41710253904989875
244.5561218,0.4176712040561278
244.6651611,0.41786605334561977
244.7315521,0.4179447069197731
244.7418976,0.4183130982017046
244.8394165,0.41854180543966396
244.9391022,0.41866146463465403
245.1099701,0.4188187504416539
245.2773132,0.4190430759930808
245.3742523,0.41949439217204154
245.4864197,0.4198645629577633
246.1004181,0.4201089281367259
246.434494,0.42066866716921697
247.1372223,0.4208659042978419
247.4776306,0.421315258963359
247.8560791,0.4220751750185712
247.8885956,0.4226400243487672
247.9428253,0.42287380222199566
247.9896088,0.4236555870332463
248.2012939,0.42422826392412033
248.2300568,0.42436100333174614
248.2371826,0.4246992122127377
248.3321533,0.42489074695397167
248.335144,0.42534098951065363
248.7407227,0.42562437200236386
248.774826,0.4258030761501206
249.3424225,0.42605276787427776
249.7335815,0.42617185504706995
249.9856567,0.42679613016051976
250.0018616,0.4269571965612408
250.4520264,0.4273494971800323
250.9650421,0.42757500510720436
251.325943,0.42776984838511517
251.3811493,0.428231729082811
251.6515656,0.42849654461354464
251.8055267,0.42901641597203
251.8189087,0.4295336173592186
251.8589783,0.4297323430853448
251.9014435,0.4298517169992698
251.9531555,0.4300529319609052
252.2868805,0.4302311922776383
252.4113007,0.43058949058265755
252.4580688,0.4309730774672846
253.0270538,0.4311584951751589
253.0502472,0.43136363778683817
253.0517273,0.4317474111183078
253.5502625,0.43292470161263863
253.5576324,0.43357019611011205
254.0199127,0.43380509519782184
254.3205872,0.43403172820410496
254.3665161,0.4343586132956439
254.3820648,0.4351694646895766
254.6950073,0.43556954099712863
254.7931824,0.43589146516601635
254.7951965,0.4361740199689087
254.8343353,0.43651792336486234
254.8400726,0.4368634933029509
254.9951019,0.437162916748866
255.0749969,0.4372817446982045
255.1087646,0.4374667843309828
255.1308746,0.43766672400828327
255.3305511,0.43776720523025325
255.5469818,0.4379907932961291
255.5777283,0.4384159162002891
256.0352173,0.4387428620095136
256.1760864,0.4389356047761718
256.5812073,0.43911050890680464
256.7904968,0.4392981334747187
257.1145935,0.4395150279334062
257.2553711,0.4399596564738442
257.2629395,0.44029449886301697
257.4790955,0.4404980168995402
257.4799805,0.44059154784574045
257.7240295,0.44098775734968104
257.9537354,0.4412852239198491
258.0364685,0.44170407038191034
258.1463013,0.4419915505815639
258.7243042,0.44220442987784125
258.84820560000003,0.4426232771414623
259.1176453,0.4427695787166715
259.4096985,0.4429184967309197
259.4352722,0.4430338131217815
259.5073853,0.4431992286460785
259.5166016,0.44344983554280953
260.191864,0.44353774500115206
260.2475586,0.44411750189043475
260.5321655,0.44423174307737945
260.6855469,0.4443270396146558
261.1396179,0.4444916167722469
261.3804932,0.44469683670513277
261.4459534,0.4447584479998965
261.4642334,0.4451734983666845
261.7625427,0.44533366751536835
262.0058594,0.44574409329662273
262.5850525,0.4458982893192512
262.711853,0.4460826195637524
262.7647095,0.44660563942039533
262.8156738,0.4468266466447655
262.9499207,0.4470384434300804
262.9568176,0.4472092421950363
263.0296936,0.4473651978113241
263.7344971,0.447958277304175
263.7568054,0.4480898048789676
263.8141785,0.4482369930428656
264.0819092,0.4485580053026394
264.1318359,0.44886555840863096
264.1665344,0.4494451189176394
264.6065674,0.44953446805725306
264.74664310000003,0.4499206860092681
264.8475647,0.4501595336302575
264.8551331,0.45035664026328226
265.0613098,0.4505475214673452
265.552948,0.45074289010567514
265.6342468,0.4509231657829411
265.6660156,0.45119776752499896
266.2375793,0.45132985591457475
266.2660522,0.45171399927704936
266.6694946,0.45247052854407166
266.8470459,0.4528011492995365
266.9814758,0.45317925058809416
267.3711243,0.45354812179961607
267.388092,0.4536745688486233
267.665863,0.4541968168674372
267.8314209,0.45450362842285796
267.9345703,0.4546949138956451
268.2418213,0.4558042481995785
268.2695313,0.456080234279964
268.4076538,0.45642982909919944
268.6497803,0.4565689879116165
268.769043,0.4569443178038906
268.8080139,0.45737836688229566
268.9221191,0.4575993387524381
270.1776733,0.4578235152007273
270.6754761,0.4579859566933452
271.5469666,0.45808832476983063
271.6368103,0.4582582733739184
271.9472046,0.45851739321584334
272.3956299,0.45861576352076444
272.4091797,0.45894302791846686
272.4898682,0.45916792523448097
272.5102844,0.45958858635405303
272.677063,0.459765721792065
272.7488403,0.4601200160562576
272.7651367,0.46030939045617875
272.9380188,0.46056625879448987
273.0378418,0.46091644098000084
273.326355,0.461114320424194
273.5254822,0.4617746961440741
273.5875244,0.46199563327558113
273.8290405,0.46221218040443146
273.8460693,0.4624148757046648
274.0031128,0.4625586147882953
274.4037476,0.4630121428512324
274.4595337,0.4633762444247974
274.9432373,0.46366063798909807
275.0517578,0.46378614407280055
275.1586609,0.4639927823384277
275.1715698,0.46540663581450104
275.2792969,0.46560349503980936
275.3374634,0.4665329834703211
275.6733398,0.4666746666433575
276.6460266,0.46707231235754326
276.6902466,0.46728032366825223
277.0461121,0.4682407966820121
277.09039310000003,0.4683540782675157
277.1126099,0.4686217972216093
277.243042,0.4688246072010591
277.8399658,0.46895355205931055
277.9072876,0.46911014420846847
278.3105164,0.46958223871716076
278.6801147,0.46969623192380605
278.8086548,0.4699040213046981
278.9697266,0.47014345829574533
279.1780396,0.4704078657217354
279.2794495,0.4707605375578406
279.6452942,0.4710209933873637
279.7895813,0.47121231929553603
280.0666199,0.47141415769316897
280.1260376,0.47156923090046377
280.8475037,0.47173177042586173
281.494751,0.472270999791743
281.6451721,0.4724581372447561
281.7376404,0.47261587245066533
281.8424377,0.4729009284408207
281.969635,0.47313521132075914
282.0191345,0.4732889817762253
282.1433716,0.4736577052444235
282.514679,0.47399674164245337
282.6507874,0.47432825589988437
282.7251282,0.47472990430938783
282.7298279,0.47500569463916203
282.9766541,0.4751284110769076
283.4128723,0.47534709471520653
283.571106,0.4755410078773629
283.9387817,0.47580707437383896
284.1659546,0.47592788054027824
285.1212158,0.476208438704617
285.4978027,0.47660496880093484
285.8820801,0.47708136481227287
285.9329529,0.4773581821311573
286.3997192,0.4776463269037343
286.5059204,0.4778438510024923
286.8013916,0.4779804540076077
287.2524719,0.4782445086360111
287.7228699,0.4785568150626596
287.7433777,0.4787063907221314
288.2805481,0.4794767235814827
288.6861267,0.47963225572045604
288.8568115,0.47973100012851927
288.9309387,0.479921328676449
289.7662964,0.4801867088721732
289.8199768,0.4804946843104774
289.9104919,0.4806335649841071
289.9282532,0.48079286446268904
290.0683594,0.4810870782470328
290.2598877,0.4812191759260722
290.9926453,0.4816149746915894
291.1370239,0.4817838342148793
291.213501,0.4819508996490627
291.7684631,0.4828143283046146
292.229187,0.48297667067667155
292.5698242,0.48310259076225737
293.3359375,0.48347897068825146
293.7023926,0.4836920714849556
293.7466736,0.4839637509671154
293.8421631,0.48458943835880985
293.9907227,0.4848314268202232
294.083252,0.4849805601515373
294.484436,0.48525207660363384
294.8751221,0.4853706545543745
295.169342,0.4855765319891974
295.2865601,0.4858702501278208
295.3023987,0.48632398562108986
295.85672,0.4866479574702785
296.0266418,0.4867450960109183
296.2369995,0.48713111400413306
296.3054199,0.4875825192126313
296.6434326,0.4879064474629939
296.8927307,0.4881264222448096
297.0370789,0.4887072163429728
297.0505371,0.4894819572828746
297.1377258,0.48990177279320934
297.3225098,0.49010483248491865
297.3593445,0.49027013888357973
297.5696716,0.4903937853798589
297.7156372,0.4906462544260497
298.2618713,0.4910890938440971
298.4112549,0.4913546082139664
298.5193176,0.4914440566745193
298.5317078,0.4917023840100746
298.8350525,0.4918086820625343
299.4660034,0.49207162834421153
299.8762817,0.4922661552665444
299.9786072,0.4926467535627865
300.1474304,0.4928028334627032
300.2045898,0.49295790290550456
300.2824707,0.4936648200251754
300.312439,0.493834611453424
300.4131775,0.494070438881989
301.2071228,0.4942923060003864
301.44104,0.4944693702862474
301.9341125,0.49529414109672726
302.2565002,0.49562215586204095
302.8252869,0.49605229762980624
302.8356323,0.49627757294927316
302.8450623,0.4965932545416118
303.3884583,0.4967636569961035
303.5319824,0.4974681974554458
303.8580017,0.49771271965289055
304.0463867,0.49801222955200153
304.382019,0.49828022438325503
304.434021,0.49846607584555197
304.5921631,0.49876984290437815
304.7077026,0.49905061777408993
304.7117615,0.49945260409522024
304.7516785,0.499552423700048
304.9987488,0.49983465957090345
305.4979248,0.5000265484409276
305.7071533,0.5004685138804307
305.9723206,0.5006366240093313
306.3048706,0.5007998215806154
306.3722229,0.5009438125520672
306.5521545,0.5011177796392459
306.5685425,0.5013364140679174
307.1125793,0.5015958418777701
308.1240845,0.5017718890794594
308.1615295,0.5021204642954022
308.4053955,0.5023898260885131
308.4055786,0.5030367282266519
308.7588196,0.5032645896406788
308.786438,0.5035981572465501
310.061554,0.5038571954732485
310.4771423,0.5041214974664527
311.3197937,0.5047069484126969
311.3966064,0.5050194450076486
312.141449,0.5051852838088702
312.2328796,0.5056548125481013
313.0915833,0.5059174905100986
313.1576538,0.5060658047406351
313.1737671,0.5065782642006661
313.9588318,0.5068113701724914
313.98883060000003,0.5070702996171129
314.6943359,0.5072728838021159
314.8200073,0.5074950453335677
314.9151917,0.5076276839745973
315.005249,0.5079628953069943
315.2008972,0.5080990125570227
315.370636,0.5083835477670001
315.6590881,0.5088156668215595
315.6639099,0.5090285771923497
315.7995605,0.5091963360695627
315.8941345,0.5094494897274373
316.3235168,0.5097157151030085
316.5830078,0.5100531360006508
316.7804565,0.5106160581696813
317.0835876,0.5110506986220437
317.0928955,0.5112884483165843
317.2554321,0.5116214227735991
317.339447,0.5120316527470213
317.4687805,0.5123160270453937
317.7802734,0.5126846189157885
317.8900146,0.5129104140420941
318.0254211,0.513338317818086
318.0852356,0.5136105766221959
318.7867126,0.5138590861423875
318.8880615,0.5142164598280122
318.9056702,0.5144579866811517
318.9379272,0.5147593745891388
319.1545715,0.5149265989882486
319.493988,0.5153890110007239
319.539917,0.5159913059423787
319.7987976,0.5166862963620882
320.1610107,0.5170388209702085
320.4396973,0.5173500854072283
320.4825745,0.517489278772196
320.8855591,0.5180676471435725
321.0812378,0.5182163653852223
321.1055908,0.5188184199183864
321.2583008,0.5190059764402524
321.4251404,0.5191183834604408
321.6735535,0.5198568714989578
321.8639526,0.5199678516054703
322.3072815,0.5201977851900531
322.38616939999997,0.5207001430851317
322.4490662,0.5212087220007104
322.5312805,0.5213802298532998
322.5957947,0.5214922096603376
323.0351563,0.5218277585608021
323.0882874,0.5220031669108903
323.1972046,0.5222987532678928
323.3961182,0.5228988266496329
323.7654114,0.5236731735119703
324.3667908,0.5243290307659864
324.4636841,0.5250487688891445
324.6914063,0.5254446885459667
325.0051575,0.5260027353294231
325.5274658,0.5264787383510949
325.5671387,0.5266679884816923
326.2738647,0.5268597707595066
326.3036499,0.5270710779107997
326.4165344,0.5276577782483942
326.5168457,0.5277636817008685
327.1411133,0.5281885995507655
327.1970825,0.5287312779969143
327.298645,0.5291010969582716
327.8218689,0.5292021001984518
328.1472473,0.5295869250522022
328.4033203,0.5301825427754945
328.7328796,0.5303347067336983
329.1696777,0.5307894225829093
329.3718567,0.5311526827553088
329.6725464,0.5313547009870331
329.7723999,0.5315214360241541
330.0342102,0.531912277760143
330.1724243,0.5321622863266066
330.1950073,0.5325839134887201
330.7853394,0.5328220438777312
331.3391418,0.5330885247195325
332.0392151,0.5335584148157799
332.0462952,0.5339830705007474
332.7525024,0.5341704279084056
332.8648682,0.534404698063641
333.4681091,0.5347467990829743
333.7024231,0.5349567610717643
333.7610779,0.5350591165381171
334.6650391,0.5351449027913208
334.8545532,0.5354810260614419
334.9530334,0.5356988885378428
335.1622314,0.5359115551793443
335.2903748,0.5362086561556966
335.3165588,0.5364023113180796
335.6374207,0.5367371339261027
335.7791443,0.5369411935402084
336.5372925,0.5370983976174228
337.0089417,0.5372786449684145
337.2959595,0.5379554602430843
337.9988098,0.5381173861227474
338.0516968,0.5384046565447277
338.2260437,0.5385164424261684
338.5888367,0.5388918945551391
338.9829712,0.5390379856942844
339.3270569,0.5395925549995558
339.6557922,0.5398236369369771
339.8103943,0.5400895858628288
339.8323975,0.5403148985118128
340.1495056,0.5406997019526834
340.3200073,0.54089855084593
340.3798523,0.5410703792479812
340.381134,0.5413293421861001
340.7323303,0.5415221028159568
340.9892273,0.5417026703012077
341.0396729,0.5418824864312028
341.083374,0.5426159325328945
342.0935059,0.5429049492513888
342.3138123,0.5430697574564809
342.5526123,0.5432486456750112
342.6263123,0.5436559743148041
342.6629639,0.5440254330356534
342.7681274,0.5447159322422973
342.8605652,0.5452364276093397
343.6569214,0.5457677923714817
344.3522644,0.5461215826023037
344.6165161,0.5463066825375652
344.8738098,0.5466348561247533
345.1899414,0.5468370879272547
345.7880554,0.5470501882802633
346.2428589,0.5472363373618538
346.6829834,0.5475345315412448
346.97229,0.5477817232804787
347.3057861,0.5480045500289392
347.3710938,0.5484068248230686
347.8264465,0.5489552090632374
347.9083557,0.5490778856666504
348.6506042,0.5494362468076963
349.8430481,0.5496215504804396
349.8594971,0.549853296518361
349.888855,0.5501402304027165
350.3866577,0.5503081022988056
351.9817505,0.5504335578417942
352.0869751,0.5507180660280906
352.544342,0.5511648155908475
352.8739929,0.5519039230004595
353.1065063,0.5521445041075459
353.1614685,0.552504137512655
353.2988586,0.5527114118530345
354.4151611,0.5528100449240315
355.0751343,0.5530548306890181
355.4976501,0.5534747012488991
355.5325623,0.5538845457901352
355.6138,0.5540371619528249
355.6879272,0.5545006123479101
356.4116211,0.5549590803787368
356.4337158,0.5552125271758
356.4572754,0.5554319344442503
356.8727112,0.5560312967916783
357.0570374,0.5562179970551465
357.1235657,0.5563174765798679
357.4702759,0.5566643031518381
357.8343506,0.5568163631230186
358.1937561,0.5569963221870959
358.2138672,0.5571733146625326
358.5629272,0.5573406989857201
358.7138672,0.5577131394816962
359.0039063,0.5583356159113759
359.0227966,0.5586754975464735
359.0661011,0.5592529693814242
359.1046143,0.5597513215753359
360.3662109,0.5598811125295529
360.382782,0.5599540802769442
360.7008057,0.5601106501258314
360.8865051,0.560353702791313
361.021759,0.5612446119862475
361.26474,0.5614031424181546
361.4279175,0.5619885802533382
361.5992126,0.5621657035535116
362.012085,0.5624874743967674
362.210968,0.5626850157289438
362.2463684,0.5628347122223823
362.6032715,0.5630959920764835
363.398407,0.563217571182838
363.7891541,0.5635816029354557
363.7998657,0.5639586165173347
364.2306824,0.5642826060006044
364.3510437,0.5648202320325469
364.4814148,0.5649341829644643
364.5158997,0.5652643164046384
365.0426331,0.5654535279462757
365.1385193,0.565732060043583
365.5085449,0.5659216016387236
365.51651,0.5662212945494375
365.7246094,0.5662671115676908
366.3012695,0.566600814550047
366.4552612,0.566766598416281
367.0552063,0.5673133346072938
367.0710449,0.5689244501461769
367.1633301,0.5690028308847473
367.3161926,0.5693232472761538
367.3600159,0.569518813368351
367.4095459,0.5699100617491331
367.8273315,0.5705704588245549
368.2145081,0.5706934077411416
368.8970337,0.5708518884768103
369.0444336,0.5710007122084666
369.4239502,0.5712319037867453
369.5600281,0.5713398442917828
369.9202881,0.5716140074700592
370.3105164,0.5718236203111974
370.6738586,0.5719115651595188
370.7189331,0.5723849553491708
370.9163208,0.5728726666477525
371.0395813,0.5733813664259085
371.2995605,0.5736728574224262
371.393219,0.5744804044162278
371.7658386,0.5746763338549185
371.7691345,0.5751789359371692
371.9494629,0.5752663880812111
372.2261353,0.5754663347005166
372.4532166,0.575681450743312
372.9378052,0.575849491566604
373.0262451,0.5760045862726098
373.0880127,0.576138381439433
373.2642822,0.5763512120128113
373.7919006,0.5765756732555546
374.0383911,0.576711606205692
374.1201477,0.5769516152046319
374.5158081,0.5772008197852778
374.9953308,0.5773739108041814
375.5225525,0.5774722058848378
375.6015625,0.5776049512326361
375.9872437,0.5778785879341022
376.388855,0.5780057434266576
376.9178467,0.5781313391553725
376.9447632,0.57825988363814
377.0618286,0.5785043943847471
377.269165,0.5786467824516506
378.5234375,0.579018717883696
378.7519531,0.5792796052633523
378.8818054,0.5794626266443071
379.191803,0.5795642447396442
379.2200928,0.5798822970665614
379.3422241,0.5801100786116503
379.4330139,0.5803224097175941
379.4714661,0.5805539931119269
380.4745178,0.5808435188448128
380.5930786,0.5817842957105495
381.3753052,0.581943180557468
381.6393433,0.5821828126693462
382.0342407,0.5830210880358268
382.4281006,0.5832861966198007
382.5693054,0.5840729390902426
382.7479858,0.5846686522555509
382.8326416,0.5848143343881391
382.9237976,0.5852191621556179
383.0229797,0.5858570878221031
383.0952759,0.5864993097526024
383.618927,0.5866940398398576
383.6743774,0.5871764025505847
383.782196,0.587556714234558
383.8268127,0.5877435900236752
384.1184387,0.587926683801919
384.7836914,0.5883893398299043
384.9231567,0.5887119445454558
385.0264282,0.58985247950823
385.1418762,0.59004630862187
385.2586975,0.5904402154086699
385.6950073,0.5906569169937314
385.8902893,0.5913470353485475
386.2091675,0.5915277177993534
387.0880127,0.5917497489783743
387.2424316,0.5920468544491366
387.408905,0.5922301169398885
387.8733521,0.5924189558740618
388.1832886,0.5928107180785943
388.457489,0.5930435716043442
388.6166077,0.5932724153209917
388.7164307,0.5934428628628702
389.0844116,0.5936356594910401
389.1726685,0.5938872909149813
389.7652588,0.5940938315772186
389.8379822,0.5943643598581653
390.8500061,0.5945588619466841
391.0228577,0.5948736296261267
391.0523376,0.5952782850311628
391.1531982,0.5956299497165283
391.2224731,0.5957405856850672
391.9968567,0.5961671037200017
392.2184143,0.5966226151672627
392.2397156,0.5967691370263709
392.5034485,0.5969359113967909
392.8292542,0.5974568713207357
393.0734863,0.5976875599964573
393.1004639,0.5978145074575109
393.486084,0.5979734275011827
393.7205811,0.5981000377806431
393.7536316,0.5982611893606944
393.8186951,0.5983682988490572
394.9655762,0.5986630611242608
395.0959473,0.5988172224796626
395.1195984,0.5990065505612469
395.8743286,0.59916507740044
397.4794617,0.5994532594451958
397.6811523,0.5996861069163314
398.5784912,0.6001084317153583
398.6836243,0.6002247763334331
398.9230957,0.60042349802315
399.1572266,0.6008004276996818
399.1895447,0.60091663021395
399.2130127,0.6013147592356277
399.311554,0.6015354532534383
399.4857788,0.6016730298441528
399.6057434,0.6018899375570702
399.8101807,0.6020518990056561
400.1232605,0.6023113331420389
400.9295349,0.6024816451499582
401.3704224,0.6026570660958855
401.6876526,0.6031309163766402
402.0935974,0.603292871412865
402.1535645,0.6034380043532872
402.1990051,0.6037992186488952
402.9554749,0.604022348298314
403.5143433,0.6043493253107982
403.7598877,0.6046219716369422
404.3014526,0.6050836288160066
404.7042542,0.6052557703101757
405.7380676,0.6054831242555925
406.740509,0.6059406671230755
407.2575073,0.6062353036977326
407.4454346,0.6065223142735143
408.0176086,0.6067201313825971
408.4367676,0.606885999741043
408.4810486,0.6073709685278698
408.5010071,0.6076635176594193
409.0585938,0.6081860860702205
409.2808228,0.6088904879182285
409.2850037,0.6094458552835673
409.505249,0.6099451281749058
409.5703735,0.6101302783789652
410.3571472,0.6104380667406466
411.8745728,0.6107251299612954
412.6521912,0.611034865122123
413.8157959,0.6113088147725378
414.1358948,0.6113888747134323
415.1482544,0.6118012601472825
416.6176758,0.6120887901863438
417.5652466,0.6125269670881708
417.7852173,0.6127926038952439
417.8328247,0.6129102896680696
418.0192566,0.6133005310698914
418.0569763,0.6134976728710592
418.6758423,0.6140152778971917
419.5550537,0.6143581522715252
419.6977539,0.6147923578529565
420.0566711,0.6150097191729721
420.5061646,0.6152628528206966
420.5910034,0.6155107132264841
420.6665649,0.6158475174153215
420.7915649,0.6167040552388181
422.0341187,0.6169380796180669
422.947113,0.617257579691898
423.3203125,0.617405194238706
423.9082642,0.6175234566784613
424.5475769,0.6176836274015371
425.3718567,0.6183273589416376
425.4399719,0.6186571932596521
426.2314758,0.6188289944232097
426.7127686,0.6190672792828545
428.3506165,0.6192461807842249
428.7740479,0.6199711196088621
429.1948547,0.6201517830371625
429.3842163,0.6203961525674832
430.7204285,0.6208180519997376
430.9724731,0.6210795194170725
431.1698303,0.6215525421521784
431.5666809,0.6217290554423637
431.8721924,0.6220980194622218
432.934906,0.622440488394219
433.6016541,0.622724769741086
433.8737793,0.6230272932770912
433.9621582,0.6233939942852772
434.2815857,0.6235942222351868
434.2842712,0.6239191352214598
434.4708557,0.6250840522652567
434.5767212,0.6252711280990052
435.0503235,0.6255918994350669
436.0180359,0.6257898851851315
438.008728,0.6263691086412936
438.0929871,0.6267048906217692
438.7909241,0.6270013865691545
438.7949219,0.6273299778224657
439.1229858,0.6276283737926596
439.7106018,0.6278590658748933
439.8382263,0.6283832367035146
440.0878906,0.6286757557769235
440.2511902,0.6288161251195804
440.9219971,0.6290520537870474
441.0259094,0.6293820686547646
441.190979,0.6296452274909641
441.1989746,0.6302204862968195
441.2874451,0.6305723656837757
441.634613,0.6311227030210101
441.7009888,0.6316492716939567
442.0761414,0.6318492417729569
442.1303101,0.6319430525540127
442.8435669,0.6321844707967376
442.899231,0.6323308482045925
443.1467285,0.632907956650017
443.3166809,0.6334690074230395
443.3878479,0.6338500790360037
443.4135437,0.6342189025836797
444.0654297,0.6343647321876758
444.1154175,0.634540997025162
444.5144348,0.6347911890040083
444.8560486,0.6351476648363088
445.9580078,0.6356214688559473
446.2884216,0.6358938658706116
446.7434692,0.6364359086857037
446.8308716,0.6371654523719454
446.8972168,0.6374550841673974
447.4699097,0.6376188861664788
447.4866638,0.6379318565362705
448.4729309,0.6385793535980476
448.5965271,0.6387543835151754
448.6903687,0.639010818843403
449.5228577,0.6392323183354748
449.7317505,0.6394502511910772
450.222168,0.6397221555372602
450.3554688,0.6400209865500475
450.414917,0.6402736430450305
450.4422913,0.6404968243373664
450.9598694,0.6408421032546073
451.6973877,0.641058723009747
451.9787903,0.6413587540038673
452.9926147,0.6430147391905021
453.3917847,0.6436795872867925
453.8436584,0.6442004520550597
454.6976929,0.644515990684823
454.7874756,0.644783040199531
454.8483582,0.6449963132727292
455.0252686,0.6454181202402066
455.2809143,0.64586499530312
455.7657166,0.646110516177706
455.882843,0.646689358495702
456.190155,0.6471629768987853
456.3778381,0.6476167869078016
456.6532593,0.6478487473466704
457.7438965,0.6486093539393165
457.7991333,0.6491250886572221
457.9475098,0.6493570738726842
459.234436,0.6495425649369988
459.2701416,0.6496749956324751
461.2044067,0.649910719517595
461.3579102,0.6502524949921403
462.1608276,0.6503637011436046
462.1654358,0.6505744588163933
462.5468445,0.6506769082003561
462.5624695,0.650908212654459
464.0166626,0.6512977376401675
465.6185608,0.6514113818995392
465.6948547,0.6516070235237386
466.4745178,0.6520216077018943
466.5901794,0.6525444602630642
466.7059021,0.6530306778113439
466.8971252,0.6532486208151906
470.7597656,0.6537992745939515
471.1876831,0.6539674875219581
471.3747253,0.6548773836055026
471.5141602,0.6550065623310196
471.7602234,0.6551220423960302
472.3694458,0.6554629217349296
472.4216919,0.6556765991771055
472.4777222,0.6557660348271358
472.8018188,0.6559173486816924
474.1128845,0.6562086146709006
474.3645325,0.6563173501370672
474.5418091,0.6569136681881731
475.4110718,0.6571903077055934
475.8895264,0.657276338625533
475.9227905,0.657807546913142
476.0653076,0.6579818650373134
476.6240845,0.6581387845204636
476.9195557,0.6585053158857179
477.1837158,0.6590702344356913
477.6646729,0.6601189630139155
477.9663086,0.660413209576028
478.02008060000003,0.6606780284846631
478.5585938,0.6608513898414513
479.1020813,0.6610345136207323
479.2478333,0.66123078016949
479.3677979,0.6616320332132583
479.8275452,0.6618474911467518
480.1331787,0.6621678312475119
480.9630127,0.6623287431920217
482.0663147,0.66250037246556
482.0789185,0.6627707877562409
482.5400391,0.6636903023548566
483.7887268,0.6641372374483375
484.0898438,0.6645066613302979
485.0404053,0.6647293118230757
485.2938232,0.6652639261360752
485.4589844,0.6654990457508724
485.657135,0.6656939119445289
485.8627625,0.6658129193127564
486.303894,0.6664159338767637
487.0994873,0.6668089130383198
487.8322144,0.6669596433627374
487.8938293,0.6672972745247813
488.1591187,0.6674946881523944
489.0134888,0.6677955874281922
489.8241882,0.6685165076122641
490.9721375,0.6686848362644698
491.242981,0.668883028471527
491.5131836,0.6694614830098783
491.9668579,0.6695928537953064
492.2595825,0.6701119388307829
493.3396301,0.6703037827708946
494.367981,0.6704912273330549
494.5328369,0.6706964407676311
494.5719604,0.6709539415594875
494.6444397,0.6712784432921157
494.925293,0.6714760548317141
495.0491638,0.6718956243513673
495.3251343,0.6720877754435418
495.4144287,0.6722576466261694
495.4217529,0.6724700146321224
495.637085,0.6727675825700564
495.6917114,0.6731039822611693
495.960968,0.6735660640340567
495.9855347,0.6737643553902852
495.9936218,0.6740109921403498
496.1141357,0.6742306280945374
496.6018066,0.6744116665062535
497.4996643,0.6745684445583049
497.5625305,0.6748649379292312
497.8604431,0.6751946036636016
498.261261,0.6756706402932123
498.5768127,0.6758605633843834
498.813324,0.6761001483334496
498.9035339,0.6762725184561351
498.9243469,0.6766087987732315
499.3766785,0.6768559021986567
499.8697815,0.6771747779489818
500.2218628,0.6774423333577907
500.3421936,0.6779386563070422
501.1204224,0.6780334372027533
502.9693604,0.6781750013596375
504.0522766,0.6782956327733773
504.2797546,0.6786395740999004
504.6723938,0.679018995173198
504.9513245,0.6791843521554884
505.0238342,0.6795165565783011
506.2376709,0.6798606507723381
506.8319397,0.6800397994668471
508.3886719,0.6804502731408304
508.5239868,0.6808218679989588
508.6827698,0.681073268175009
509.165863,0.6812779957971603
510.0185547,0.6816869505005528
510.3417053,0.6818675572332719
511.0976257,0.6821309599132014
511.327179,0.682484978443286
511.8325195,0.6827188876995055
513.1878662,0.6828373304383883
513.7463989,0.6829204189379348
514.5450439,0.6831238214936816
515.3361206,0.6834930278399814
515.4379272,0.6836812670411576
515.5733643,0.683833785013593
515.859436,0.683926724571519
516.9418335,0.6844357012861229
517.208313,0.6848109292952923
517.3294067,0.6851929190007311
517.4509888,0.6857086524018554
518.5576782,0.6861319427280852
519.6313477,0.6864526165610106
519.6361084,0.686626403055571
522.5684204,0.6869333273722572
522.7235718,0.687238705036281
523.2020874,0.6875155479762343
524.2318726,0.6877079639385439
524.4640503,0.6878747976667183
524.5007324,0.6882083366170614
524.9968262,0.6887091778030595
526.2531128,0.6892673809464902
526.5858765,0.6893600105397885
528.0794067,0.6894461421762327
529.3608398,0.6896780954870116
530.2025757,0.6897622497221381
531.1148071,0.6900042830705483
531.1343994,0.6901736752540093
531.2093506,0.690488427703933
531.3994751,0.6906341397086945
532.0859375,0.6909233705276097
532.1657715,0.6912659158933053
532.1853027,0.6915347984153337
532.7914429,0.6917563844464325
533.550415,0.6919398202013229
535.2202759,0.6922879506415132
536.0161743,0.6926270686261593
536.1369629,0.6932004933655237
536.593689,0.6933471625527533
536.958374,0.6938810021653611
537.0153809,0.6940585047429703
538.2115479,0.6942101150575135
538.3947144,0.6943884434345999
538.8209229,0.6950685189667429
538.8457642,0.6953714170567735
539.3215332,0.6955332342544961
540.3508301,0.6957455868592679
541.3272095,0.6963524631313068
541.3395386,0.6969198029422673
542.5401611,0.6974370516211322
543.3389282,0.6976959665805738
543.4660034,0.6980353738969995
543.5701294,0.6981944469226268
544.2807617,0.6983629885587451
544.9683838,0.698569570400824
545.7189331,0.6987377369247798
545.8447266,0.6990905476298303
546.3644409,0.6995049607338315
546.7954712,0.7002544082847667
547.7723999,0.7008830955437868
548.3074341,0.701050598095989
548.4612427,0.7012123601870619
548.5153198,0.7017479659632817
548.9888306,0.701969977246594
549.0765381,0.7021824721555506
549.3303223,0.7024519573592047
550.2960205,0.70276411137634
550.3041992,0.7030430374652634
551.565918,0.7031697883885683
551.642395,0.7033533294473805
551.8748779,0.7036016899074672
551.9489136,0.7037408099733325
552.651001,0.7039157984530082
553.2235107,0.7044066024844725
553.270813,0.704748427025476
553.8145752,0.7049211637153168
554.1144409,0.7050791300403703
555.0997925,0.7052140225610828
555.4978638,0.7054259923243154
555.536377,0.7059816977729433
555.7062988,0.7066746115992129
555.930603,0.7068661326854371
556.2175293,0.707133447055975
556.3361816,0.7074008966598287
556.7393188,0.7077062825111128
557.4927979,0.7080730105143693
557.5979614,0.7085013158394572
558.9470825,0.7089068173403418
560.3266602,0.7090858610743709
560.7924805,0.7095047612690799
562.8416138,0.7098489184137023
564.0291138,0.7103311094203776
564.4838257,0.7106124681351771
565.1495361,0.7109889853269967
566.3843994,0.7117252702985779
567.076355,0.7125058186578764
567.2926636,0.7128217200187755
567.8508911,0.7133697093798201
568.9974976,0.7135208709251171
571.3157349,0.7137576521725538
571.3851929,0.7139287166521203
571.6234741,0.714267287691688
572.0701294,0.7144093482242091
573.6353149,0.7146946826106454
573.9360962,0.7152476764645569
575.9464722,0.7162437790009247
576.473877,0.716533511104972
577.0977173,0.7168818380972161
578.9798584,0.7170999351421887
579.2741699,0.7173454958366847
582.0411987,0.7176002224554086
584.3674927,0.7178138400101863
584.8884888,0.7181505918978333
585.0784302,0.7183941228038373
587.8759155,0.718573258430084
588.7990112,0.7187952954061082
589.2489014,0.7189680378070039
589.8203735,0.7192549606128086
590.9498291,0.7195453338730001
593.9612427,0.7202096242606102
595.2583008,0.720382338034588
596.1226807,0.7206555712116688
596.3317261,0.7208784665358213
596.3724365,0.7211441656635824
597.989502,0.7214622555488994
598.421936,0.72177239509301
598.5183716,0.7221275868955782
598.7570801,0.7223888974949382
600.2420654,0.7226123700371222
600.7503662,0.7228573864202195
601.2810669,0.722991837328503
601.4639893,0.7232988229067068
601.878479,0.7237663037366365
603.0924072,0.7240041015815167
603.1997681,0.7242875569572442
603.3624878,0.7252245118490284
605.1646118,0.7256457332824673
605.4348755,0.7260971282711953
606.2346802,0.7262593949251654
609.8930054,0.7265440975737851
611.2282104,0.7269454368131384
612.1434937,0.7270950611239831
612.5804443,0.7273764918926298
612.84552,0.7276292249072597
613.2446899,0.7278788962490973
613.3533936,0.728167393618871
614.1157227,0.7283414226974837
614.2138672,0.7285826082609775
615.9514771,0.728878063363853
616.6174927,0.7291002021227282
616.8336182,0.7292751176325554
617.1439209,0.7295049514381865
617.2531738,0.7296946904156685
620.0875854,0.7300229467344744
620.5166626,0.7305996673430334
622.9249878,0.7309244156389025
624.4229126,0.7314972922308489
624.7536011,0.731750635599026
625.0855713,0.7319592789911107
625.2003784,0.7321854202019982
626.130127,0.7327582150355486
626.3487549,0.7333236623811807
627.4226685,0.733570633035073
627.4399414,0.7338984284612166
628.3092651,0.7344585332879133
628.3151855,0.7346858928871643
628.718689,0.7349788940371151
629.1558838,0.7354765980040137
629.3621216,0.736205693507991
631.3522949,0.7368093927122925
631.5740356,0.7370830098043883
632.4976807,0.7375544997421143
634.2491455,0.737826358285299
634.2901001,0.7380366951000304
635.5544434,0.7381812857901743
637.9787598,0.7383781555788119
638.5853271,0.7385430754716938
639.1082153,0.7390835103724888
639.357605,0.7392332934765976
640.3019409,0.7394381218224295
642.053894,0.7395850490809586
642.0979004,0.7397936303240176
643.7539673,0.7399097380117684
644.802002,0.7403470670714584
645.2271118,0.7406997487551643
646.06604,0.7412457936644042
650.562439,0.7414946910500718
650.6577148,0.7417241145753977
651.2484131,0.7418823609427673
651.3349609,0.7422164391948776
652.1865845,0.7428114629105328
652.2955322,0.7430791256986888
653.1945801,0.7435944314715306
655.1033936,0.7439308608487318
655.482666,0.7443036044746665
656.8556519,0.7444320149121527
657.0858154,0.7447892474385945
658.7566528,0.7453912218164825
659.9552612,0.7455182573624619
662.2491455,0.7459675327314833
665.394043,0.7461824482573415
667.1425171,0.7463983016425187
668.0037231,0.7466308120609255
668.0570679,0.7472211559125005
668.980957,0.7474227385576823
672.4563599,0.7476345582159445
674.6903687,0.747753106824156
676.7111206,0.7486714674162165
677.1719971,0.7487841546935099
677.9126587,0.749096530339936
678.5586548,0.749609156408439
680.1157837,0.7498820757776733
680.84198,0.7502610180664994
682.8518066,0.7506004321102351
683.711792,0.7508389218952788
685.0809326,0.7511437074410062
685.2763672,0.7514978424825446
685.6586304,0.7516965274009989
687.0710449,0.7518666034805324
687.3259888,0.7520659538163853
688.9691772,0.7527365930147727
689.7731934,0.7532900517119249
690.5968018,0.7542370157038844
690.9859619,0.754630656947736
693.4851685,0.7549912048670283
693.694519,0.755283497244177
696.3936157,0.7556487032711109
696.9377441,0.7558320669292387
697.18573,0.7560586658981925
697.9795532,0.7562925176716931
698.0495605,0.7564957835913947
698.3567505,0.7569704382872399
698.4320068,0.7571701221261409
699.3643188,0.7573742186259508
700.2301636,0.7576228920635967
701.4536743,0.7582345368284733
701.4837036,0.7585161273065025
706.12677,0.7587712746258093
706.6261597,0.7593920152363559
707.2960205,0.7596393700342636
707.3876343,0.7598587508084422
713.1481934,0.7603089737556368
713.4086914,0.7609829945321926
716.0305176,0.7613651382788748
717.0492554,0.7620384986906961
717.8508911,0.7622838831868473
718.4891968,0.762736158652312
718.4918213,0.7633639974680252
718.5524902,0.7635622606554537
718.7034302,0.7638548027162516
719.4200439,0.7643270238702192
720.2811279,0.7644468129667922
721.085144,0.7645673360421507
721.4750366,0.7647391405120839
722.5948486,0.7649146496573785
723.2729492,0.7653959230583075
723.7648926,0.7659288267438523
724.9793701,0.7662568146571473
725.6731567,0.7666647378197987
725.9381714,0.7670911446392493
726.0407715,0.7676546237155176
726.2191162,0.767835809913473
726.6385498,0.7679881066575147
727.1923218,0.7682522188258578
727.40802,0.7687486022922877
727.8347778,0.7690884465120372
729.8475342,0.7694623863405063
730.2634277,0.7696324544474746
730.6531372,0.7698513501393796
730.7094727,0.7704445033178074
731.78125,0.7707183369434969
732.1498413,0.7711484454467651
734.3515625,0.7716807341697938
734.9124756,0.7720815401190785
735.6995239,0.7723868582963667
735.7290039,0.7726082392302869
736.6557007,0.7728797124844545
736.8404541,0.7730725096708787
737.8837891,0.7736685343537957
738.0806885,0.7744213425852412
738.7910767,0.7745286664244715
739.4573364,0.7750405359992233
739.7276611,0.7752699249003552
740.574646,0.7754193475777541
742.1705933,0.7759993373180475
743.6218872,0.7764068171648967
744.4492798,0.7769623967698092
744.7349243,0.7773193610911296
746.4312744,0.7782166468076407
746.9100952,0.7787330619291585
747.9483032,0.779110650367305
748.0806885,0.7793250926336618
748.5865479,0.7794752152382118
750.3990479,0.7797516857998186
752.0795288,0.780679210598546
753.2202759,0.7809387600154323
753.8748169,0.7811525280044342
755.5506592,0.7817976282525636
756.9247437,0.7820198428868829
759.0388794,0.7822581538255969
759.1526489,0.782656304317375
759.4140015,0.7830687859089699
761.9871826,0.7837299842506984
763.0929565,0.7841626493342175
763.1174927,0.7843873433135299
763.6730347,0.7846694537414495
768.1789551,0.7850039639157452
769.7045288,0.7853832274267288
771.0640259,0.7857941793699621
771.0751343,0.7860310783882959
772.0418701,0.7863184771731128
774.5219727,0.7866049612720842
774.9211426,0.7870671433248395
776.7510986,0.7873710887290791
777.2432861,0.7876165749650487
779.2577515,0.787975976177655
782.4731445,0.7888801330882409
782.9711304,0.7889651586395278
783.8974609,0.7891967652502497
784.6588745,0.7894328802070849
789.420105,0.7897432583275662
789.420166,0.7902748097368235
789.678894,0.7908795304052652
790.6456909,0.7910947351197337
790.9338379,0.7915381392887201
793.9171753,0.7920984931691685
795.9605713,0.7923851766542633
797.3062744,0.7925869902754203
800.1555786,0.7931219457635067
800.5287476,0.793303556168693
800.5818481,0.7938314204938716
800.9165039,0.7939981596818435
803.9560547,0.7940868528366444
804.4106445,0.7945381852469564
805.272583,0.794675711296957
806.805481,0.7950927773964475
807.2107544,0.7954358859673005
807.8685303,0.7961518702485026
809.8234863,0.7963318518990716
818.1921997,0.7967302871709987
818.5621948,0.7968962313620903
818.6013794,0.7973349047398078
819.6595459,0.797564364349278
821.0912476,0.7979046978022695
821.8926392,0.7984233916801996
823.5558472,0.7986704401132991
825.6372681,0.7988981420041454
829.1341553,0.7996726331459566
831.3651733,0.7998737023538627
831.3894653,0.8001233381410826
831.7869873,0.8004270939781888
833.0261841,0.8009123589958846
833.1417847,0.8020292395728075
837.0333252,0.8022898049573568
839.6227417,0.8026346485171727
843.6235962,0.803058975651503
847.546936,0.8032333892749111
849.0552979,0.8034790291799543
849.1300659,0.8037777088711264
849.932251,0.80450462758751
851.749939,0.8048498575814618
854.8470459,0.805739103669501
855.0825195,0.8062890591242302
856.239502,0.8068995247482114
856.65802,0.8073744632795937
856.8007202,0.8078924849985101
859.1260376,0.808293500525078
860.1660156,0.8085780454396042
862.0947266,0.8091400837252688
862.8850708,0.8095628214096704
863.1897583,0.8100628897846174
864.7241821,0.810296131161538
865.4467773,0.8106343364927312
866.694397,0.8113663673962774
867.4083252,0.8118334927089925
870.9649048,0.8122246198836381
871.9796143,0.8126575691175261
873.4512329,0.8134220691940227
876.0813599,0.81384747982696
877.432251,0.8139967040056264
877.640564,0.8152765135196738
879.5304565,0.8155747456010236
881.0216675,0.8160500932675925
882.2387085,0.8165265478495476
882.4196777,0.816648746885134
882.7312622,0.8167658057580184
882.8258667,0.8175742316541648
883.2496948,0.8178319020316148
883.7471313,0.8181587931348522
884.9909058,0.8184676920474321
886.2373047,0.8190005760377757
886.3686523,0.8193699626474399
888.1488037,0.8200303134618627
888.3265991,0.8204277406098278
888.7138672,0.8209776919423166
889.175293,0.8212155584631424
891.5797729,0.8219645099103566
892.5485229,0.8222643264032761
892.8651123,0.822975338482769
893.2391968,0.8231268849164203
894.6418457,0.8235688527033819
895.3327637,0.823764794151047
896.3457031,0.8239995911981777
897.5359497,0.8245824753444005
901.428894,0.8250603443229412
901.6790771,0.8255455544342599
902.1817627,0.8263060033500332
904.8625488,0.8267893172172249
905.1555786,0.8270859817482541
908.4034424,0.827587777354294
914.3704224,0.8281039419906027
917.0231323,0.8286626972319124
917.1155396,0.829149235343959
917.946228,0.8294646969673473
920.0603638,0.8299991092319332
922.994873,0.8301311558263097
923.4962158,0.830715278084825
925.350769,0.8312874241189202
926.1248779,0.8316624961688953
927.5352173,0.8320568084267591
928.9117432,0.8322178758008194
932.1879272,0.832934363972223
932.6920776,0.8334028075525067
933.0820923,0.8340979041778341
936.0481567,0.835459420515144
937.7022705,0.8361688115119411
939.7223511,0.8363555880659386
944.493103,0.8365759993218049
945.835083,0.8369258024588805
946.5026855,0.8371796165388276
947.3141479,0.8374862972409012
952.0368652,0.8377362865700467
954.3691406,0.838337201868174
957.5145264,0.8386604784564011
958.4454956,0.8390138085673929
961.1167603,0.8396546056238086
963.777771,0.8398798800701898
964.4589844,0.8401203870623087
970.0425415,0.8404724759979381
972.6810303,0.8407434435296671
977.1368408,0.840975167353149
977.9210815,0.8411340451005881
979.4970703,0.8414911955824128
982.0546875,0.8422413601220207
982.1682129,0.842764876597606
982.9833984,0.8430566150733662
984.3162231,0.8437004667318222
988.6727295,0.8440090441932443
992.4199219,0.8442483082494068
992.5304565,0.8444886116184855
994.4033813,0.8447283641636683
1008.907288,0.8450003012303992
1010.112976,0.8454942898870808
1011.755249,0.8459059700120963
1012.857178,0.846239203599581
1012.864929,0.846864855379437
1016.593445,0.8474895278339113
1017.315979,0.8478729598757353
1017.707642,0.8481847613816225
1022.271851,0.8485676380907179
1027.451294,0.8488394356587233
1027.468872,0.8492063147833223
1028.350952,0.8495213134243177
1028.748169,0.8499217955463754
1029.465088,0.85063719538132
1032.578369,0.851007312176666
1038.067017,0.8513156914543042
1042.596924,0.8515326686589149
1042.769043,0.8519720334900677
1047.022339,0.8523308111235075
1048.485596,0.8526882586378784
1050.22937,0.8533549224795778
1050.337036,0.853828648634178
1057.586426,0.8545077792504381
1060.41626,0.8547925020809873
1068.242432,0.8550834133260475
1071.991577,0.855384037440414
1072.522949,0.8556684044675275
1075.737915,0.8560164822914611
1078.367065,0.8567903409511166
1082.158203,0.8571041747360062
1083.413696,0.8575102561887382
1084.381226,0.8581205450704255
1085.832886,0.8585561587792503
1085.863647,0.8587363601983797
1088.690918,0.8592224880300036
1091.776611,0.8597065924570034
1096.628418,0.86013985850447
1098.132568,0.8609493664391556
1103.123779,0.8613445854532152
1103.462036,0.8621482443449673
1104.62854,0.8623988510699188
1104.918945,0.8629555530773468
1106.409668,0.8633313335851752
1111.082886,0.8639825299260905
1111.206787,0.864558298118507
1114.613525,0.8648026826779567
1116.623779,0.8652399168109695
1121.989868,0.8657887413897016
1127.323608,0.8660327720636665
1127.543213,0.8663792083940917
1131.884033,0.8670311658091168
1132.565796,0.8674733389366797
1133.513306,0.8677232727296678
1133.59082,0.8687798556060299
1135.487549,0.8691826710759285
1137.284912,0.8699579125280129
1137.910889,0.8701695007093839
1138.618652,0.8703443544137446
1141.126099,0.8710027095915635
1146.629395,0.8713639887557081
1150.461792,0.87162031825037
1151.591553,0.872546817749055
1154.438232,0.8728984328241305
1155.930298,0.8742754485524852
1156.921631,0.8746481503546102
1159.86731,0.8749403727963702
1160.514038,0.875287997657291
1164.226807,0.8755676062395571
1167.919067,0.8759042783727077
1170.638184,0.8767274605635463
1172.55127,0.8770726984585373
1175.089966,0.8772250724092269
1177.460938,0.8777363428234237
1177.623901,0.8780084328148893
1182.130249,0.8785413273971725
1182.212891,0.8790000048336201
1184.149292,0.8801356772355424
1186.865112,0.8805141241363762
1190.992432,0.8808346766198789
1193.722534,0.8813914454424051
1199.88208,0.8816184039505607
1201.383057,0.8819446943760719
1201.959229,0.8821708864140115
1205.584351,0.8824943534282699
1207.078369,0.8830128018021294
1207.651245,0.8835066942153527
1211.059204,0.8837839867690276
1211.369995,0.8840224561717517
1211.869263,0.8846185975951227
1211.925903,0.8851082630213302
1215.231079,0.8852993003277567
1216.211914,0.8857527041214873
1220.686035,0.8865514790968458
1223.44812,0.8869794415006755
1224.739014,0.8873587727142654
1225.612305,0.8881697576811733
1225.945313,0.8893667327018483
1228.265137,0.8900699409236635
1234.50354,0.89054192204131
1236.011108,0.8910854613548254
1240.946045,0.8915384046279458
1244.365112,0.8922626433536522
1250.610107,0.8928390097905051
1252.772461,0.8930323736315142
1255.888184,0.8932281436471606
1260.505859,0.8936048120747643
1260.97168,0.8940261030142018
1264.155273,0.8943155172455001
1265.480347,0.8946018705482278
1266.298218,0.8953016850541533
1270.226196,0.895772318847923
1272.266724,0.8963648677131125
1276.51123,0.8967862702114758
1278.957764,0.8971095271903328
1279.357544,0.8976503037815532
1286.077026,0.8978912130384968
1287.332275,0.8982996985187974
1291.38916,0.8986224816655937
1297.413818,0.8989918534752466
1299.121582,0.8996727339378189
1303.594116,0.9001777158294165
1308.081055,0.9013535731486654
1313.362915,0.9023234246125649
1322.697021,0.9033057063231853
1326.481934,0.903587236971037
1332.314087,0.9045110326614859
1337.053955,0.905237822957812
1338.842651,0.9059111739800335
1342.336426,0.9066611495822883
1342.968506,0.9071383219830862
1344.947876,0.90749287649414
1346.8302,0.9079219866066054
1350.697754,0.9081282623128764
1352.02002,0.9085676183842094
1355.128662,0.9090143563530769
1357.062134,0.9100970275866754
1357.082153,0.9104457772834019
1358.408569,0.9110255672081814
1358.970459,0.9112774120740357
1360.308105,0.9115729996333778
1365.087036,0.9120270382566054
1365.703979,0.9133657603884294
1367.759766,0.9137686453358334
1370.063843,0.9146273416828281
1372.656128,0.9150639173118367
1376.067505,0.9154136686342155
1377.173218,0.915736419547192
1404.625,0.9164080123640613
1407.352661,0.9169173454832709
1411.178833,0.9172403569580573
1411.872559,0.9175948711624725
1412.719116,0.9178787291751944
1438.984741,0.9185285554339614
1439.731812,0.9188559799703194
1448.19812,0.9192020807364593
1450.19104,0.919811055988157
1473.550049,0.920170739175453
1483.114014,0.9204110207594827
1487.810303,0.9209413504310852
1489.438965,0.9212593522888144
1493.581299,0.9216814310971597
1503.758057,0.92205919504665
1510.984863,0.9224069318386662
1514.273315,0.9226806656710989
1523.479126,0.9232373770109062
1525.012573,0.9242479954334758
1525.239136,0.9249909278513828
1537.179688,0.9254274084677658
1538.511108,0.9257480372705253
1545.047241,0.9262293494321938
1547.903564,0.9270214856064874
1548.559692,0.9283028126880442
1549.577881,0.9286707407012442
1552.090576,0.9291066089887908
1559.649048,0.9297795674220085
1562.03894,0.9302326818838422
1566.144653,0.9308599819990753
1582.601685,0.9313397343969034
1583.428345,0.9318473182995809
1584.608643,0.932314690776824
1586.147217,0.9332542670314475
1587.612061,0.933720658351189
1590.653809,0.934158057002826
1594.537964,0.9344909706850516
1596.693481,0.9349512442413997
1599.751343,0.9353092611442889
1600.918457,0.9356814146558267
1602.909058,0.9360863923708013
1609.871216,0.9363878436586469
1609.94519,0.936669834769771
1618.408691,0.9373571052086568
1625.641113,0.9377839185869522
1627.472168,0.9381140393168456
1633.44519,0.93862718988687
1635.691406,0.9388664824410864
1636.226563,0.9391717520958655
1636.325562,0.9399040984103781
1641.673218,0.9403465252578822
1643.514282,0.9406676502503112
1655.216187,0.9411984782585345
1662.296143,0.9415559028427374
1676.790649,0.9418385492230159
1681.134766,0.9422632887274995
1692.608276,0.9426775201940171
1692.708618,0.9431758107828521
1695.268677,0.9436599820821707
1704.002441,0.9442240157182182
1705.102173,0.9445457484591249
1715.43811,0.9450228364106266
1721.350586,0.9452636258068253
1722.171875,0.9455447796963623
1728.34021,0.9460003766234798
1739.007324,0.9462319808009121
1744.428223,0.9466003389901261
1754.667236,0.9473328382865942
1755.697754,0.9478555056318716
1756.329102,0.9485103793810445
1762.568115,0.9489517931807865
1776.581787,0.9498661549993798
1781.262085,0.950677036566012
1782.471558,0.9510161206277703
1807.65625,0.9515589331050124
1830.393921,0.9520775312547055
1843.282715,0.9526632018836789
1845.442627,0.9532894602096731
1848.058716,0.9536816986222182
1874.063232,0.9540859041559218
1875.71875,0.9543142378561107
1881.101318,0.9547022999513349
1893.404297,0.9550508885646768
1905.031616,0.9555085683831537
1907.972168,0.9565805944274021
1919.425293,0.9570690970872345
1935.129517,0.9578278473416121
1941.947021,0.9582825659675547
1950.501587,0.9589516198669815
1953.522827,0.9594350516196289
1964.393921,0.9598972597515707
1965.354736,0.9602023954325947
1969.81897,0.9608312137454691
1977.985718,0.9614957435682304
2007.319702,0.9619711688423442
2010.328735,0.9629221129431297
2010.556885,0.9635602643611463
2021.499023,0.963834604367665
2024.810181,0.9643486298894559
2030.134888,0.9647633124296456
2050.265625,0.9658561557075345
2051.658691,0.9663861058439733
2128.035889,0.9668121988270841
2132.748047,0.9677391465080336
2144.519775,0.9682330684641761
2173.325928,0.9687719642124506
2182.394775,0.9692292106772847
2182.952637,0.9697097859831825
2192.999512,0.970128324276926
2221.64502,0.9705678345612819
2224.007324,0.9711109639379337
2225.400635,0.9718100770854853
2229.640381,0.9723194724967724
2233.761719,0.9734484898376683
2237.20752,0.9738636417440018
2259.941162,0.9741035189162552
2288.04248,0.9746656143984176
2301.335938,0.9749006140952491
2326.157959,0.975170975767841
2356.764404,0.9761835499783766
2376.137451,0.9766546634441261
2404.007813,0.977823608632647
2405.849854,0.9789688555788796
2408.037109,0.9796591706003084
2428.474609,0.980131627410746
2459.405762,0.98059613817388
2468.748779,0.9810104438698065
2475.877686,0.9813149895222647
2489.125977,0.9818572497298481
2508.381104,0.982400611785731
2510.684082,0.9828982493383114
2516.20166,0.9833499234390489
2532.537598,0.98399029252374
2535.085693,0.9846889600653688
2541.848145,0.9852109431137938
2591.225098,0.9859118043327585
2617.320313,0.9861700613893658
2620.341797,0.9869089332569495
2687.097656,0.987290396371019
2698.931152,0.9879990350536434
2744.588135,0.9888790261305791
2748.794922,0.9893019548707921
2855.309326,0.9901251497146908
2899.667725,0.9905907892927018
2907.50708,0.9909500155951344
2917.155273,0.9917906687670623
2918.514404,0.9921865898552245
2921.484619,0.9927046181010607
2964.524658,0.9934219267759716
3172.470947,0.9941505424361897
3186.049072,0.994750153608369
3243.810059,0.9954588633428907
3266.544678,0.9960163146300319
3355.600586,0.9967957476862941
3392.003418,0.9977628994069772
3676.057861,0.9982814826133725
3786.991211,0.9988545516351323
3792.612549,0.9996020264509039
4038.378906,0.9999999999999982
